,seqs,pred
0,TTTACACTGCCTTCTGTTATCTTAATTTACTCGCTGTTGCCACTATTCCA,7.656732082366943
1,CCCGGCATGACTGCTTTTCATTTCTGGTTGTTCCTGCTATTAGTGTAAAT,8.589838027954102
2,GCATTTTCACCCGCACTGCTACCCGCTTCCTTTTGGTTTATTGTTATAAA,7.158295154571533
3,CGTTGTAGCGGTGGTAAGTTCAGCACGGCGGCGCTTTTATCTTCATTCAG,8.205318450927734
4,AACTGCGTTGAAAGCACGCTGCGCTCTTCCTGTCTGCTCCCTTTCTTGGC,6.960113525390625
5,AGGTGGACCCGGCTTTTGCTCTGCTGAATTCATAAGCGGCATGCCAGCAT,6.815773010253906
6,CTCCACGCGTGACCGTGCTAATTGCGGTTTCCAGCGTTTAGTGTAAGTCT,7.2944207191467285
7,GCTGCCGCGAGCGTCTTTTGTGAACCGGCTTTTATGCTTCTCATTCTTTC,7.756636619567871
8,TCAGGGTGCACCACTCGCTCATAGCCGTTGCTGACTTTTCGCCTTACAGT,7.232386589050293
9,GGTGCTGCACGCTGCTGTTTTATCCACTGCGCTGCATTTTTAACCATCGC,5.282376289367676
10,TCTGCCTTCCGGTCACTGCCTTTCGGTTGAATATTTTCTCTTATTGATGT,7.838431358337402
11,GGAATGGCGCCACATGCACCGCCGCAAATATACGCTTTTATTGTTTGGCC,6.6240925788879395
12,CCTCCCTCAACACATATCCCATCCACCGCCCTTGCAGTAACATCCACAGC,5.91285514831543
13,TTCGTTATTGCCAATGCCCTATGTTGACTGCTGACGAGTCATCGCTTTAC,7.668510913848877
14,ACTTCTGTCCTTCACCCGCCGGCAGTTTTCAGTTCACTTTGCTGTGCTGA,6.5133256912231445
15,TGTGATCTCCGCCCTACTAATAAAGGTCGCATTTGCGGGTGAATGCATGC,7.6966938972473145
16,GTATTGCCGTCGAAATAAATGCCGCTAACCCTCCTGACAATCATCATGTT,7.048093795776367
17,GACGTCGTTTCTTTCACCACACTCCATTCTGCTCTGTTATCCTCACTTAC,6.885612964630127
18,AATTTTCCTTTCCCGATGGAGCCATGCCGGTGATAAAATAACACTTTCCC,6.679934978485107
19,CCGGCGTAAGCTGCTACCTCCCTTCTGTAGGTCTCGCCTATTATTCTGTT,9.151092529296875
20,CGCCCCTAAACTTGCTGCTTACCCGTGCACCGTTTATGTTACTTTCACCG,5.756145477294922
21,TCTTCATACCACGTTTTCCCTCACGTACGTCAAGTGTTTCTCCTGATGAG,6.296761512756348
22,TTTTCTTTCGCACCTCCTTCGTTAACGAGTCTACGATGTCGAATTAACTT,6.597288608551025
23,TTATTTCCTCTAATTCACCGCAGTGTCGCTACTCCGGTATAGCATTTTTC,7.046959400177002
24,TCTCTTCTGCTTATTCATTTGCAACCGATGGCATCGATTCACAATCCGCC,7.61550760269165
25,CCTGCCTCCGGCGCCGGCGGCGGTTATGCTGCTGCGTGTATCATTGCCGG,6.676368713378906
26,TTGCGATGGCGCGCTTTTCTTTTTACTGCTGTTTCCTTGCTTCTAGAGTG,8.36347484588623
27,TTCTTATGCGGGTCGCGCTTCCACGGTATTGATCTTTCCATGTTGCCGCC,5.735027313232422
28,TCTGACGCTGCGCGTAGTGACTGCCCGCTCTTTCTCGTGTATTTTAATGC,8.257682800292969
29,TTTTTTACGCCGGTATGCAAGGTGATTTGTGACGTGTTATTCTTTCTCTT,7.3166632652282715
30,CTGCTCCACTGTTGACGTTGCGGTGTGAACCTACGGCTTCACCTCCGCCC,6.12021541595459
31,TTTTTTCATTTCTCATTTGTTATGACAACGCTACCCCGCCCATTTCTTTT,7.357255935668945
32,CAGAGTGAGGTGCTGGTTACGGTTCGTTGTTGCGGGTTGATCCTGTTTCC,6.399025917053223
33,TCTGCCGCTTCCGCCATTGCTTCTCGGGTATCTGCGTTTACCGTCGCGGC,8.219133377075195
34,GGCGTAAGCATTTTACTGCCTGTAGATGAAGCACGCTTCTTTTTTGCTCC,7.145594596862793
35,GTTGCACTATCCCTGTTGCTTCCCTCCTATCCTTACCCAATCATTAGGCC,9.870162963867188
36,TTGCTTTAATTTCCTCCCGCTGATTCCTCATTCCCCCTCAATTTTGCATA,6.831212520599365
37,TTTCCTTAAGGCGGTTCTCCGCCACAAACATCCCACCGCAATCTTGCCCC,6.1109161376953125
38,CCTGTCCACCAGACATCAACGCTGGTTCGCGGATTGCTAAACTTCACCAC,7.335649490356445
39,GGAACATCCGTCATCTTTCCGCGCTCATCAGTTACTCCCTTATTTTCGTT,6.817452907562256
40,CGCCACTAATGCTCGTCGCTACTATTTTCTTTATCGTGTCGTATTACTAT,6.502123832702637
41,TTGCTTCGTCATTCCTTGTCCGTTGCGACAGCCCGTGTCACAGTGAAAAT,6.686002254486084
42,CCTTCCGTACCGGTAGTGTTATTGCGGCACCATTTCGCTTTCACCGCTCC,7.554440498352051
43,CTATTCTGGTAGTGTGACCCGCTGTTCTTCCATCTTGATAACATCGCTAT,7.689489364624023
44,CAGCCTGTGAGCGTTTTTGCTCCCTTCAGGTTCGGTTTTCATACTTTTTC,6.673123359680176
45,CCGCCCGCTGTATTGTTGATTACTTTTGACAGTATGCGGAGACTGATGTC,7.630335807800293
46,TTGCGCGCGATTCCCGCCGGGTCTCCTGCTATACTGCCCAAATTAACGGT,7.146812438964844
47,TCAGCATCGACGACTTGCTGTTTGCAGTTCTCTGATGTTATTATTACTGC,7.222650051116943
48,TTATTTTGTGCGCCATTTACCTCCGGGTGCTGCGTTGCTGAACCTCCAGC,6.657763481140137
49,TACTGATGCATATTGCTGCCCCCTTTTCTGCTTGCACCTAACCTCAACGT,5.852296829223633
50,CGGTGTCAGCGTTATTTGCTTCTGTAACTTCCCTGGATATCCACTTCACC,7.278985977172852
51,AATTTGCTAACCCGCCCGCTTTGATGAGTGCTCGTTTGTAACATTGCTGC,7.606935501098633
52,TTATTTGTATTGTGGCGCCACCTCCATCATTCTTCTCTCCAGCATCTTTC,6.7372965812683105
53,TTGCCTCTTGTTTATTCCCTGCAGCGAATGTTTGCCGCATAATATTCATC,7.3193559646606445
54,TTCGGCGTCAGGCTTCTCATCCCGCTTCCGACTTTTTTCATTTTCTTGTA,6.849999904632568
55,CGGCTATCATTTCGGCTGCTCTTTTTACTGCACCTGCCAGCCTTCACGCT,6.268093585968018
56,CCGCCACTGCTTTCGTTTCGTTTTCGGTACGCCCCATAGCACATGCGCTT,5.101644992828369
57,TTTTCTGGGTTTTGCCTTCTTTCTGATTCCGCATGTGCCTCATTTCTTTC,6.377686023712158
58,CTACTGAATTGCTTCTTGTGCCACTTTCCCATTGCTGGCATTTTCTTCTT,7.914076805114746
59,ATTCACGCTCCCGTATTTTATTTGTAAGACCTGTGCTTTATGTTCTGTGT,7.849907398223877
60,ATTTCGCGTTACTGATCATTTCCTCCTCAAAATTGTGGTAACATACCGCC,8.6670560836792
61,TGGCGCTTCTCCGCTTCTGGAAATGTGGATCTATCATTTATCGTACTGCT,5.882418155670166
62,TCCTCCATGAGCGTCTTGCTCCAAGGCTCCTATAACTTTAACTTTCACTC,6.549239635467529
63,CAATCCTGCGCTTGCGCCGCATGTTTCCGCCGCTTTATTGCTTTTACCCT,5.3601202964782715
64,GAATAAACTCCCTGCAGCGGTTATACTTGCTACAGTTGTAACATTATGGT,6.722795486450195
65,TTTTCCTTTAGGTCAGCGGCGGTATTCGCGTTGCTGTTTTGTCCCGCCCT,7.511559963226318
66,CTCGCTCTTTTCATGTTGCTCTTCTGCTGATTTTTCTTCGTCTTATGAAG,9.732547760009766
67,TGTGTTGATCCGTCCTCATAATATTTTTCCACACCGGACATTTTTTCAAC,7.559732913970947
68,GCGCTCTGCCCACTGCAAATTCACTTTCTGCTTTGCTGTATCATACGGTC,6.718688488006592
69,AACTTCCTGCGGGTTAATTTAATGTTCCGATCTTTCCTATCATCCGCCCT,7.967867374420166
70,CTTGTTGCACCTGGTTGACATTTTTATTTTCCTGGTGGCAGGTTTGCTGT,8.336222648620605
71,ACACCTCCCTATTAACAAGTTGCTCATTGCAATTGCCACATATTGTTGGC,6.2375407218933105
72,AGTGTTCATTGCGGCTCTTCCTCTGCCCGGATTTATTCTATCACCAGCCC,5.584352970123291
73,AACCTCTCCCACTGTGCCGGGTATGCGTTGCTGCGGGGTAATCTTTTCAC,7.381226539611816
74,CGCAAGTAAAAGAAATGAAAGCGTTATTGCGATGGTTTATTGTTTGCTGC,6.741878509521484
75,AACCGCCCTATTTTGCCGCCCCGCCTGCCGCTCCTTCCTTTCATAAAGGT,7.392968654632568
76,TAATGTGCGACACTTTGCGATACGCTCTTTCACACGTTGCGCTTTCTCTT,6.309492588043213
77,CGCTTGGGCTTCACCTTTCTCCCAGCCCTGGTATCTCATAACAGTTGCGC,6.9756178855896
78,TGCCGATTTGGGCGGGTCCACTTTCAGTTTCGTGTTTTTATCCTCACGCT,6.016186237335205
79,GCGGTATTTTTCTCAGCGACCATTCGTGCCTTGGCGGTTATGTTTTAGTT,7.397252559661865
80,GCGCCGCGCTTCAGCTTGCTTTTTCACGTTTATGTTATTACCCCGCCCTA,8.65735149383545
81,GCATTCTCCTCGACTTTACCCTCCTTCACGACACCGGTTATCCTCCCTCT,7.571517467498779
82,CTCTGCGGTGATTGTTCGTTTCTGTTGACAATTTCGTCAACAATCAGTGA,7.484498977661133
83,CTTTCGGCCGTTCCTTAATGCGTGTCCATTACCCCGCCTATCTTTCTCGC,6.676249980926514
84,TTTGCTGTCACGGTTTAATCAGTGGTGCTTGCGCTTGCTAAAATCTCTCC,7.492400169372559
85,TTATTGAACCGCCCTTTACCCTGTTCTCTTGTTGATGGCACGATTGCTGT,7.554248809814453
86,TGCAGCGCTAAGCCATCGCTATTAAATCCGCTGTCATTCATAATATGGCC,4.943230152130127
87,ATCTGCGCCAGGCGGTGATCATGTAATCAGGATGGTGTAATATTGCTGAA,6.159627914428711
88,ATGCAACTCCACTGCCTTCAGCGCACTGCGCTTCTTGCAATCTTGCATTG,5.822190761566162
89,ACTGTTCCCACTACTTTCTTCTGTTATGCGCTTGTTACTATAACCGCAAT,6.048788547515869
90,TCTGTGACGTTGTGCTGCTGTCATTCTTACTCACGACAGGCACCGGTTGC,7.2586565017700195
91,TCAATAAAGCCCGGTTGCCAACGATTATTCTTGCCGATAATTGTCACGTT,8.213441848754883
92,ACCTCCCTAGTACTTGTCCCACCTCCCTTCCGCGTGTTTAAAGTCAAACA,6.4453043937683105
93,AAACTCTTTCTGCTCCTTGCTTTGGTTTACAAGTGACGTAAAGTAGATTT,7.890480041503906
94,TTGCGTTTCCGCCTTCCCGATATTTTCTATCGACGGCGTATTATTTTTGC,7.054062843322754
95,TTAGCGTCCTTTCCTTTCTGCTAAAATGTTAGTTCTGGTATCCTTTTCTT,9.321784019470215
96,ATTGCTGCTTTGCGTCGTTGTGCCCGTCGGTTTCTTGTTTAACTGAATTA,6.085995197296143
97,ACCTCATTTTCGCTACGTTATTTCTGTCGGATTGTGGAATTACCCGCCAT,5.572908878326416
98,TTCTGGGTGACTACTGTCTACAGATAGCGTTTCTTGCTGCCCGCCCGCCC,8.955608367919922
99,ATCTCCTGCGGTTGCTTGCTGGTGGCTGCTTCTTTTTTCTTGTATTTCCC,5.259138584136963
100,GCGTTTCTGTTCGTTATCGATTTCTCCGCCGCCGAGTTTATCCCGCCCCG,7.33025598526001
101,AGACAATGCGCCACGGTGATTTGGTGGGCGAACCGTCTTATTTTTTCTCC,7.704776287078857
102,CCGCCATCTGCTGTTTGCTAATATCCGGCAGCATGTTGTAACCTGCACAG,6.659619331359863
103,TTGCCGTTGCCCGCTGCAGCGATCTGCTGATGTTTCTGTTATCCTTGGGC,7.861708641052246
104,GTGTATCGTTTCTCATCGACGCTTCCTCTATATTGCGGATCACCTGCGCT,5.6277241706848145
105,CGGTGTTATTATCTTTGCGCACCGCCGCGGCTCTTCCGTTGCATCGCGCT,7.554969310760498
106,CTCCACAGATTTTGTTTCTTATTGTTCAGCCGGCTAATATCATTATGACC,7.355045318603516
107,CACTCCTCACAGCGCGTGTTATCTTGCTGACATTCGGTCAACATCGTGAC,7.513896942138672
108,AGGCAGATATGCCTCTTTTACTCCGCTGTCATACATTGTAATTTACTGCT,7.58981466293335
109,CTTGGTGGTGAGCTTCATTTGCTTCATAAGGTTTGTGACGTACTTCAATC,7.570802211761475
110,TTACGCTTTACTGATTTCCTGCGCTTGTTGTGGATGTTATCTTCCGCCAC,8.242878913879395
111,CCCGTTCCCAAAACCCTTTTCCAGACGTTTTATCCGCATATCATTACTTC,6.572089672088623
112,CGTTGGTTTGCTGGATTGCTGTTGCGGTGGCGGCGGTGTATCATAAATAC,7.811844825744629
113,ATCTGCTTATTTTTACTGCGGTTCATTGAATTATTGTTATCCCCGCCACC,6.6159586906433105
114,TTTGCGTGCGTAACCTCAACTTTGCGCTCTAATGTGATAATTTTCTGCAT,8.515434265136719
115,TTGCTAAACATCAACTCCCTGGGATTGATGTTTATCCGCCGTAATGTCGT,6.942325592041016
116,TCTTTATTGATGCTGATGTTTATCTGATGCTATTTGCTGGCGGCTCATCC,7.535574913024902
117,TCTTCGTTTTCGCACAGACCTTGCTGCTTCATTGGTGATATTTTTGCGGT,6.430476665496826
118,GACGGAACGATGCTGTGGTGCGGTTGCGTTGATGTGATAACATCTTTGCT,7.391829490661621
119,CCGCAGAAGTTTCTAGTGAATACACGGTAACTACGGGTTAATTTTGCTGG,7.8507184982299805
120,CTGTCCTGTTGCGGGTCATTTAATGCGATCATCCCACGGCACTGTATCGT,5.981783866882324
121,TACCGACTCTACATTTTTTCGCGTTAACTCATCACCGCCACTTCCACAAT,6.236266136169434
122,TTTCGCATTCCTTTTTTTGCTTTCGCGATACTGCCTGTCCCTTCCTCCAT,6.5697021484375
123,TGGAATTGCTGTTCTTTTCTTTCTGACCTTACTTCACCCCTCCTTTAATG,9.449933052062988
124,CTTTATTTCTCTGATTGACGTGAAGAATGCTGTTCTACCAACTTGCCGTT,9.276060104370117
125,ATATGCTTTTTTGCGAGTGGATCCGGCGCTAACTTGTCAAAATTGCTTTC,8.001778602600098
126,CGCCCTCGATCCGCCATCACTAATGACCGTGCCGCGCTTATATTTTTTGA,6.007233142852783
127,ATATCGCGTTTTTCCGTACTCTCTCGAAATTCGGGTGGCAGATTTAACCT,5.844900131225586
128,TTTTATTTTTGTCTGTTGATGGTGGTACTAATCTGTTTTATATTTTTCAG,7.56441068649292
129,TTGCGTTTGCGGTATTGTCTGCATATTTTTTCTTGCTTAATACTACTGGC,6.5183868408203125
130,CCGTCACGGCTTGCGTCTGCCCTCAAAAAATTCCCTATTACGGTGCATCC,7.255568504333496
131,GATGATAGTGCCAATGTCGCTAGTTATCAATGACGCCATATCATTCTCAC,5.873183250427246
132,GCGCAGCGCCACGCTCCAGTTACCTGTTCATTTTTCTGTATGCTGTTGGC,6.856713771820068
133,TCTTTAACGCGCTCCCTGCAGAAAATTTGCGAAACGCTGGCGATACTCCA,8.585640907287598
134,TTCATGATCACCCACTCCCGCTTATTAGTTATTGGCGTACACTTGTTAAC,5.798855781555176
135,CGCTTTAATTACTGGTGGCTCACCAGCTTCTCCATCCTATACCATCACGT,6.1280107498168945
136,CACGTCTTGCCACGTCGTGCGAAGGTGATCCTGCAGCCGTCGTTTCTTTC,7.741905689239502
137,TTATTTTTTCTGCGTACACTGGTCAATGGATGGTGTTGTATGATACTGCC,8.154221534729004
138,TTTCCGCTGGACGTTATCCGGTTGCTAGCATTTCCCGTCTGCTTCACTTT,5.691729545593262
139,GCACTGGCGCTGTTACGGTGCTCACCAACCTTTGTTACTTCAGTCAATGC,5.9643096923828125
140,CGAAGCGCGGTTGTTTCCATAATTTTGTTGACTTCGTTACGCGATTACGT,7.670407295227051
141,ATACGCTTGCTTCGGTTTTTCAAGGTAAATTCCTGGGTATCTTTCGGGTC,7.796124458312988
142,CCGTGAGCGTTCCTCCCCCAAAGTTGATAACTTCTTCTTTTATTTTCATC,6.769527435302734
143,AGACACTCAAGGTTATGGCCGTTTGCTGTGCACGTATTTTTCTTTACGGC,6.5369768142700195
144,GCGTTTTGCTGTACGCCGCGGGCCGGTACCTCTCAGGTAACATTGTTATT,6.742826461791992
145,CCGGCGCGTCGGGCTTGTGCTGATGCTAGCGCAAATACCGATCGTGCTCC,8.63442611694336
146,TCAGGTGCTGCTCCACAACCGCTGCTTCACTGCCTGATCCTCCTTATGTT,6.852457046508789
147,TATGGTTAGCGCCGTTTTATGCTGGCGTTCGCCCCGCCCTTCTTTACTGT,3.9340767860412598
148,TTCCCGATTTTCTGCTCCTGCGCTGATCTGCAATTTTTTCGTTTATTTAT,7.165268421173096
149,GGTGAGGCGTTCGTCGTTTGCCGCCTATTCTTTTTTCTTATTATGTCGGT,5.693333148956299
150,TGCCCCGCCATGCTTTTCTTTCCGCCACAATGTTGTGCTAACATTGCGCT,8.421875
151,TTTTTCTTTCAGTTCTCATCCTTCGTTAACCGGCCAGTAACGTTGCGTTC,5.45522928237915
152,CGCGGCGTTTCATCTCTGTACATCCTGCTATTTATTATTTCTTCTTATGT,8.907623291015625
153,GGCGAAAGTGTGGGGTTCCCTTGTTCTGTGCATCGCTTTATTTTTGCTCT,8.404231071472168
154,CGCATCATTAACTGCTCTGCTACTGTTGCATACAGGTGGCATTTGATCGC,6.399875164031982
155,AAAACTGCCCGCCACTACCCCCGTCACTTGCCTGGTTGTAACGTGTCATT,5.848382472991943
156,GTTTATTTAACTTTCTTTCATTTCTGCCACAGTGTGTCGAACCTTTATAA,7.456604957580566
157,CCCGCCCTTGTGCCCACGCCTTTCCCTAGCAAACGTGTTATCGTTTTTAC,8.051100730895996
158,CTTTGCTGGCGATTTTCACGCGCGAACGATCCTGACCCTACAACCGCGTT,7.705356121063232
159,GCTGCTGCATTTATCCGGCGTGCAGGTGCCTCCTCCTGTAACATTCTTCT,6.3779096603393555
160,CGGTTTTTATTGTTGCTACTCACCATAACGTGTGTGAATAGCATTATGTC,6.3790082931518555
161,GCTGCCGGTTGCGTGTAGTGGTTGCTTATGGATTCGGTGATCCGCACGCG,6.54335880279541
162,TTGGCCGCTTTGCCTTGACAATCGCGTTTTTATGCTGTACATTTCGCGCT,7.7917609214782715
163,GATCAGTTATTTCGCCTAAGTTTCTCTTTCCGATAAGCTTTATTTACTGC,6.847050666809082
164,TCCTCCCATAGACCCTCCCGCGTTTCCTGCCTTCATCATCTATTGCCCTC,6.3285651206970215
165,TTGGCGTATTGCGTTTCCGTAAATGCAAAAGTAGACTGTAGCATTATCGC,6.676438331604004
166,CGGCTCTGTATCGTTTCCGTTAGTACGTGTCATCCACGGAATCTAAACGT,7.054708957672119
167,CTGGAGGTTTTCACTTTTCTTTTTCCCTCCGCACTGATATTTTTTTGCGC,7.390448093414307
168,CGCCATCGCGACCTTTTTCTTGACCTGTTGCACCGGTAGAACCTCCCTCC,7.761046886444092
169,CTGTAACTAATCGTTGCGCACTTTTTGCTTTTATCTGTTAACTTTTCGCT,8.142743110656738
170,TCGTTGGCGGCGAATGCCGATTTTTCATCCATTGCGACGTTAATCACTGC,6.433006286621094
171,ATGCCCTGACCCGCCTTCTTTCTTCGTTACTCTTCCCGCAAACAGTTGCA,5.336726188659668
172,CCGATGTTGTTGATGCTGCTTACCTGGCGCATCTCTGTTATTCTGATGTC,8.695752143859863
173,ATGCTGTTCTGGCCTCTGATTGCGCTTAATGCGATGCTGAGAATGGCATC,6.860841274261475
174,CGCTGCTTTACTGCCTCCCGCTCTGTGGCATTAATGGTAACATTACCTGT,6.624812126159668
175,GATTTCGCTATTCACTCCCAATCGGTGGCGCAACCGCCACCCGCATTACT,7.69718074798584
176,ACCTCCCTTGGCGTTGTGGCGGTGCTGGAGTCGGCGTTTCATCCTTTCCC,6.668376922607422
177,TGCATGATGGTTAGCGTTCGCTGATGAGATTGCTTCGTTACCCTTTCTTT,7.226532459259033
178,AATTTTCCCTACCTGCAACCGCCCCGCTGACATTCCTTTAACTTTATTAT,5.85189151763916
179,GTTTCTGTTGCGCTGCTATGTTGCTGTGCCTTCGTTGCTGTAATGGCGGT,6.164661407470703
180,AGCTTCTTCGCCCGAAGTGACTATAACAATTTACGTTGTAACATTGCGCC,8.123826026916504
181,AGTGTTTCCTGTTATTCTTGCGTTGCGGTTTTAATGCACCTCCTTATCGT,7.153459548950195
182,GTCTGGGTTGCACCGCCCATGCGGTTGCTGTTAAGGCTTCGCTTCATGAC,6.955366134643555
183,GATGCGGTTATTAGTCTGTGTTTCTCTGGCCCTTGCGATAACGTTATAAA,7.237580299377441
184,GCTTATTTTTCACTCGCCCATTCTCAACCCGCTGCTCTCTCACGCGTATT,7.412024021148682
185,TTATTAATTTTTTTACTTTTTACCGCCATCAACCGGCTTCTCCTCATTGC,5.650047779083252
186,TTCTTGTTTTTCGTTGTCCCGCTGCCGTCATCCGATTTTATACTAGCTGT,7.825563430786133
187,CCCGCACTTTCGGTCTGCTTCTGCTCAGGCATTTCGGTTAACGTGCGTAT,7.371710777282715
188,CCATCTCCCATTTCCACTACGGTGCGTGTCTTCTTCTCTTTAATGGCATC,4.779820919036865
189,TCAGGTTTTCTTACTTTTTCTTTTCCGCCTGTAGCCTGTATGCTTGATTT,8.165547370910645
190,TGCACAGTGGCGTGTTTCTATGCTTCTTTCTTCGCCTCCTTCATGCCAGC,5.399935245513916
191,TTTTTATCTCTACCATTGCTTACATCCTCCCCATGGAATATTATGCTGGT,8.367301940917969
192,TGCCATACCTCTTTTTCCCGTTCCATCTCCTGTCTGCTAATACTGCGGGC,6.176766872406006
193,TTCTACTGCGTTACCTGCCGGCATCAGCTTTCTCCTGCATCATAGGTATT,6.1025519371032715
194,TGCTACTGGTGCTGTGCGCCTTGCCAGACTTGCTGGTCCCTACTGTGTCT,4.915924549102783
195,CTCGCAACAGTACATTTTCGCGCCAGTTCGTTTATGGTAATGTGTTTCTT,6.152489185333252
196,GGCTGCGTCATCATTAGTGATATAATCTGCAACCGGCGTCATATGTGCGG,9.261212348937988
197,TAGCTTTCGGCTTGTGGGCCGCATTGGTGATGTGCACTTTAAGTTGCAGC,5.7393269538879395
198,AACTTCCTTGATGGCGTGTTCCCCACTGCTTTGCGTGTTATCGTAAATAC,8.372858047485352
199,ATCTCCGTTGCTGCTTTGCTTTTCGTTATTTTTCTGGTAAGATTCTTGGT,9.154983520507812
200,TGTATCTTTTTTCTGGTTGAGATAATAATGTTTTTGCTAAAGTGAGGGCT,11.755871772766113
201,TGTACCTTTTTTCTTGTTGAGGTAACAAAATTTCTGCCATAATGAAAATG,9.2906494140625
202,TTTACCTTTTTTCTTGTTGAGATACCAAAATTTTTGCTATATTTATGGTG,12.064167022705078
203,TTTATCCTTTTTCTTGCTGGGATAACAAAATTTGTGCTATAATCAAGGCA,11.285265922546387
204,TTTACCTTTTTTCTGGTTGAGATAACAAAGTTTGTGCTACAATCCAGGTG,12.34504222869873
205,CCTCCCTTTTTTCTTGCTGAGATACCAAGGTTTTTGCTACAATTCATTCC,9.61141586303711
206,TTTCTCTTTTTTCTGGTTGAGATGGCAAAACTTTTGCTGTAATTAAGGCC,9.946382522583008
207,TTTCCCTTTGTTCTGGTTTCGATAACAAAATTTTTGCTACATTTGGGACC,8.755430221557617
208,TTTATCTTTTTTCTGGTTGAGATAACAAAATTTTTGCTGTAGTTAAGGTG,12.139876365661621
209,TTTACCCCCTCTCTGGTTGAAATAACAAAATTTTTGCTATAATGAGGATG,13.923752784729004
210,TTTATCCTTTTTCTTGTTGAGATAACAAAAATTGTGCTAAAATCAAAATG,11.289305686950684
211,TTTACCTTTTTTCTTGTTGAGATAACAAAATTTTTGCTATAGTAAGGATA,13.634946823120117
212,TTTCCCTTTTTTCTGGTTGCAATAACAAAATTTTTGCTATAATCAAATCA,12.887715339660645
213,TTTCTCTTTTTTCTGGTTGTGATAACAAAATTTTTGCTATAGTTAAGGTC,12.64327335357666
214,TGTAACTTTTTTCTGGTTGAAATACCAAAATTTTTGCTACAATCAAGACT,11.859532356262207
215,TTTCTCTTTTTTCTGGTTGCGATAGTAAAATTTTTGCTATAATGAAGGTG,12.42778205871582
216,TTTATCTTTTTTCTGGCTGAGATGACAAAATTTTTGCTATAATGCAGGCA,12.556010246276855
217,CCTCCCTTTTTTATGGTTGTGATGACAAAATTTTTGCTATAATTAAGGTT,12.793363571166992
218,TTTATCTTCTCTCTGGCCGAGATAACAAAATTTTTGCTATAATGAGAGCG,11.33938217163086
219,TTTATCTTTTTTCTGGTTGAGATAACAAAATTTTTGCTACAATGAAGGCT,13.60018539428711
220,TTTCTCTTTTTTCTGGCTTCGCTAACAAAATTTTTGCTATAATGAGGGTT,12.225140571594238
221,CTTCTCTTTGCCATGGTTGAGATAACAAAATTTTTGCTATATTGCAGATT,11.831339836120605
222,TTTCCCTTTTTTCTGATTGCGATAACAAAATTTTTGCTTTAGTTTGGACT,10.704476356506348
223,TGTACCTTTTTTCTTTTTGCGATCGCAAAATTTTTGCTATATTTAGGCCG,11.656932830810547
224,TTTCTCTTCGCTCTGGCTGAGATGCTAAAATTTTTGCTATAATGAAGGCA,10.694456100463867
225,TGTATCTTTTTTCTGGTTGAGATAACAAAATTTTTGCTACAATGAAGGTG,12.520268440246582
226,TTTATCTTTTTTCTGGTTGAGATAACAAAGATTTCGCTATAATCCGCCCC,12.818400382995605
227,TTTCTCTTCTCCCTGGCTGAGATAACGAAATTTTTGCTATAGTGAATGCT,9.796238899230957
228,TTTATCTTTTTTCTTGTTGAGATAACAAAACTTTTGCTATAATGAAGGCG,12.924834251403809
229,TTTCTCTTTTTTCTGGTTGCGATAACAAAATTTTTGCTATAATCAAGGCG,12.862163543701172
230,CTTCACTTTTTTCTGGCTTTGGTGACAAAGTTTTTGCTACAATTAGGGCT,11.186172485351562
231,TTTATCTTTTCTCTGGCTTCGATAACAAAATTTTTGCTACAATGCAGATG,11.50350570678711
232,TTTCTCTTTTTTCTGGCTTTGATAACAAAATTTTTGCTACAGTGAGGGTG,10.401535987854004
233,TTTCCCTTTTTTCTGGTTTCGATGACAAAATTTTTGCTAAAATTAAGGTG,11.284344673156738
234,TTTCCCTTTTTTCTGACTGTGATAACAAGATTTTTGCTATAATGCAGGTA,11.038270950317383
235,TTTACCTTTTTTCTGGCTGAGATAACAAAAATTTTGCTACACTGAAGGCG,12.645417213439941
236,TTTACCTTTTTTCTGGTTGCGATGACAAAATTTTTGCTGTATTTATTGTG,11.685894966125488
237,TTTATCTTTTTTCTGGTTGCGATGCTGAGGTTTTTGCTGTATTGCGGGTG,10.32287311553955
238,TTTCTCTTTTTTCTGGTTGTGATAACAAAATTTTTGCTACAATAAAGACC,11.30997085571289
239,TTTCCCCTTTTTCTGGCTGTGATAACAAAATTTGTGCTACAATCAAGCCC,9.882528305053711
240,TTTATCTTTTTTCTGGTTGAGATGACACGATTTTTGCTATAATGCAGGCG,12.860401153564453
241,TGTACCTTTTCTCTTATTGAGATAACACAATTTTTGCTATAATGAGGCCA,12.214739799499512
242,TTTCCCTTCGCCATGGTTGGGATAACAAGATTTTTGCTAAAATGAAGACT,10.050947189331055
243,TTTATCTTTTTTCTGGTTGAGATAACAAAACTTTTGCTAGAATGAAGGCG,13.496060371398926
244,TTTATCTTTTTTCTTGTTGCGATAACAAAATTTTTGCTACAATGAAGATG,12.432500839233398
245,CTTCCCCTTTTTCTTGTTGAGATACCAAAATTTTTGCTATAATGAGGATT,11.284377098083496
246,TTTACCTTTTTTCTGGTTGTGATAACAAAATTTTTGCTACAATCAATTCA,12.054854393005371
247,CCTCTCTTTTTTCTGGTTTAGATAACAAAACTTTTGCTAAAATAAAAGTT,10.644354820251465
248,TGTATCCTCTCTCTGACTGGGATAATAAGATTTTTGCTATAATGAGGGCG,10.487409591674805
249,TTTATCTTTGCTATGGTTGTGATAACAAAATTTTTGCTACAATGAAAGCC,12.147516250610352
250,TGTATCTTTTTTCTGATTGCGATGATACGGTTTTTGCTATAATGCAGGCG,12.534311294555664
251,TTTCCCTTTGCTCTGGCTGAGATAACAAAATTTTTGCTAAAATAAAGGCG,11.874272346496582
252,TTTACCTTTTCTATGGTTGAGATAACAAGATTTTTGCTACAGTGCAGGTG,10.828017234802246
253,TTTATCTTCTCTCTGGTTGAGATAACAAAATTTGTGCTATAATGAAGATT,13.67725944519043
254,TTTCTCTTTTCTCTTGCTGTGATAACAAAGCTTTTGCTACAATCAAGGCG,11.193326950073242
255,TTTCCCTTTTTTATGGTTGAGATCACAAAATTTTTGCTATATTTCATACC,11.996623992919922
256,TTTCACTTTTTTCTGGCTGCGATAACACAATTTTTGCTATAATTAGTGCC,12.234160423278809
257,TTTATCTTCTTTCTGGTTGAGATCATCAGAATTTTGCTACAATCAAAACC,8.96076774597168
258,TTTATCTTTTCTCTGGCTGAGATAATAAAATTTTTGCTATAGTGAAGGCG,13.07771110534668
259,TTTCTCTTTTTTCTGGTTGCGATAACAAAATTTTTGCTATAGTGCAGGTG,11.441812515258789
260,TTTCTCTTTTTTCTGGCTGTGATAACAAAACTTTTGCTAAAATGAAGGTA,10.883749961853027
261,TTTCTCTTTTTTCTGGTTTTGATGACAAATTTTTTGCTATAATGAAGGCA,10.541135787963867
262,TTTCTCTTTTTTCTGGCCTTGATAACAAAATTTTTGCTACAATGAAGGTG,9.902012825012207
263,TTTATCTTTTTTCTGGTTGAGATAATAAGGTTTTTGCTGTAGTGCAGGCT,11.117430686950684
264,TTTAACTTTTTTCTGGTTGAGGTAACAGAACTTTTGCTAAAATAAAAGCG,11.09742259979248
265,TTTACCCTTGTTCTGGTTGTGATAACAAAATTTTTGCTATAATCAGGATG,12.712520599365234
266,TTTACCTTTGCCCTGCCTGCGATACCAAAATTTTTGCTATAGTGAGGGCT,11.273547172546387
267,TTTACCTTCGTTCTGGCTGAGATAACAAAACTTTTGCTATAATGAAGGCG,10.854570388793945
268,TTTATCTTTTTTCTGGTTGCGATAACGAGGTTTTTGCTATAGTTAGTGCG,12.151252746582031
269,TTTATCTTTTTTCTGGTTGAGATGACAAAATTTTTGCTACAATGCAGGTT,11.75548267364502
270,TTTATCTTTTTTCTGGTTGAGATAACAAAATTTTTGCTATAGTGATGCTG,13.412495613098145
271,TTTAACTTTTTTCTGGTTGAAATCACAAAATTTTTGCTACAATCAAGGCG,12.721349716186523
272,TTTATCTTTTTTCTTGTTGCGATAACAAGATTTTTGCTATATTGCGGGTG,10.930987358093262
273,TTTCTCTTTTTTCTGGTTGAGATAATAAAATTTTTGCTATAATAAAGCCT,12.125351905822754
274,TTTAACTTTTTTCTGGCTGATCTCACAGAATTCTTGCTATAATCAAGGTA,11.078154563903809
275,TTTCTCTTTTTTCTGGTTGAGATAACAAGGTTTTTGCTACAATCCAGATT,11.669601440429688
276,TGTATCTTTTTTCTGGTTGAGATAACACAATTTTTGCTATAATGAAGGTG,12.736783981323242
277,TTTCTCTTTTTTCTGGTTGGGATAACAAAGTTTTTGCTACAATCAAGCTT,10.190507888793945
278,TTTCCCTTTTCTCTTATTGAGATAACAAAATTTTTGCTATAATTAAGGCA,13.67675495147705
279,TTTCACTTTTTTCTGCCCGCGATAACAAAATTTTTGCTATAGTGAATGTC,10.415672302246094
280,TTTATCTTTTCTCTGGCTGAGATAACAAAATTTTTGCTACAATAAAGATC,12.228283882141113
281,TTTAACTTTTTTCTTGTTTTGATAACAAAATTTTTGCTATAATGCAGATC,13.508391380310059
282,TGTAACTTTTCTCTGGTTTAGATAACAAAATTTTTGCTAAAATAAAGACT,12.356321334838867
283,TTTAACTTTTCTCTGATTTTGATAACAAAATTTTTGCTACAATGAAAGTG,12.22855281829834
284,TTTCTCTTTTTTCTGGTTGAAATAACAAAAGTTTTGCTATAATGAAGGTG,12.24849796295166
285,TTTATCTTTTTTCTGGTTGAGATAATAAAATTTTTGCTACAATGAAGGTT,13.403277397155762
286,TTTAACTTTTCTCTGGTTTCGATAACAAAATTTTTGCTATAATAAAAGCT,12.060970306396484
287,TTTACCTTTTCTCTGGTTGCGATAACAAGATTTTTGCTATAATCAAGGCT,13.077869415283203
288,TTTATCCTTTTTCTTGTTTTGCTAATAAAGTTTTTGCTATAGTGCGGGTG,11.214181900024414
289,TGTATCTTTTCTCTGGTTGAGATGACAAAATTTTTGCTATAATAAAAATG,12.798073768615723
290,TTTAACTTTTTTCTGGCTTCGATAACAAGATTTTTGCTGTAATGAGGGTA,9.466863632202148
291,TTTATCTTTTTTCTGGTTGTGATAACAAAATTTTTGCTATAATCAAGATA,13.487848281860352
292,TTTATCTTTTTTCTGGTTGAGATGACAAAATTTTTGCTACAATGAAGGCG,12.856425285339355
293,TTTCCCTTTTCTCTGATTTTGATAACAAAATTTTTGCTATAGTGAGGGCG,12.578288078308105
294,TTTACCTTTTTTCTGGTTGAGATAACAAAATTTTTGCTATAATAAAGGTC,13.283812522888184
295,TTTATCTTTTTTCTTGCTGTGATAACAAAATTTTTGCTATAGTTATGTCT,13.347076416015625
296,TTTATCTTTTTTCTTGTTGAGATAACAAAATTTTTGCTATAATGAAGGCG,13.784855842590332
297,TTTATCTTTTTTCTGATTGTGATGATAAAATTTTTGCTACAATCAAAACC,11.349879264831543
298,TTTACCTTTTTTCTGGTTGAAATAACGAAGTTTGTGCTATAATAAAGACG,13.022226333618164
299,TTTATCTTTTTTCTGGTTGAAATAACAAAATTTTTGCTATAGTGAAGGTG,13.24260139465332
300,CTTACCTTTTTTCTTGCTGCGATAACAAAATTTTTGCTATATTTAGGGTG,12.710428237915039
301,CTTCCCTTCTTTCTGGTTGAGATAACAAAATTTTTGCTATAATGCAGGTT,12.31375503540039
302,TTTCTCTTTTTTCTGGTTGAGATAATAAAATTTTTGCTGTAGTGCAAGTC,10.478097915649414
303,TTTCTCTTTTTTCTTATTTTGATGACAAAGTTTTTGCTATAATTAGGGCG,10.947283744812012
304,TTTAACTTCTCTCTGGTTTATATACCGCGATTTGTGCTATAATGAGGCTT,11.250141143798828
305,TTTACCTTTTTTCTGGTTGAGATAACAAAATTTTTGCTATAATGAGGACG,14.069077491760254
306,TTTATCTTTTCTCTGGCTGAGATAACAAAATTTTTGCTAAAATGAAGGCG,13.145015716552734
307,TTTATCTTTTTTCTGGTTGTGATAACAAAATTTTTGCTATAGTGAGGGTG,13.073203086853027
308,TTTACCTTTGTTCTGGTTGAAATAACAAAATTTTTGCTACAATGAAAATG,12.8572416305542
309,TTTAACTTTTCTCTGGCTTCGATAACAAAATTTTTGCTATAATGAAGGCC,12.336690902709961
310,TTTCTCTTTTTTCTGGTTGAGATGACAGAATTTTTGCTAGAGTGAAGGCG,10.983802795410156
311,TTTCTCCTTTTTCTGATTGGTATAACAAAATTTTTGCTACAATCAAGGCA,9.52363109588623
312,CATCGCTTTTTTCTGATTGCTGTAACAAAATTTTTGCTACAATGAAGGTT,11.198567390441895
313,TTTATCTTTTTTCTTGTCGAGATAACAAAATTTTTGCTACAATCAAAATG,11.022750854492188
314,TTTCACTTTTTTCTTGTTGTGATAACAAAATTTTTGCTACAATCAAGACG,12.174422264099121
315,TTTCTCCTTTTTCTTGTTCCGATAATAAAATTTTTGCTACAATTCGGGTG,9.664306640625
316,TTTATCTTTTTTCTGGCTTTGCTGGTAAAATTTTTGCTACAATCAAAGCA,12.092681884765625
317,CCTACCTTGGCTCTGATTTTGATAACAAAATTTTTGCTACAATGAAGGTG,10.29688835144043
318,TTTACCTTTTCCCTGGCTGAGATAACAAAGTTTTTGCTAAAATGCAGACA,11.100805282592773
319,TTTACCTTTTTTCTGGTTGCGATAACAAAATTTTTGCTGCAATCAGAACG,11.303888320922852
320,TTTATCTTCTCTCTGCCCGAGATAACAAAATTTTTGCTACAATGCTGATC,9.178380966186523
321,TTTCTCTTTTTTCTGGTTGAGATAACAGAATTTTTGCTAAAATCAAGTCA,11.37015151977539
322,TTTATCTTTGCTCTGGTTGTGATAACAAAATTTTTGCTATAATAAAGATA,14.310550689697266
323,TTTCTCTTTTTTCTGGTTTCGATAACAAAATTTTTGCTACAATTAAGGTT,10.224671363830566
324,TTTATCTTTTTTCTGGCTGCGATAACAAAATTTTTGCTATAGTGAGGGTG,12.801321983337402
325,TTTAACTTTTTTCTGGTTTCGATAACAAAATTTTTGCTACAATGAGGGTG,10.853333473205566
326,TTTATCTTTTTTCTGGTTGTGATAACAAAATTTTTGCTACAATGAAGCCA,12.737324714660645
327,TTTACCCTTTTTCTGGTTGGGATGACAAAATCTTTGCTATAATAAAGATG,11.002174377441406
328,CGTAGCTTTTTTATTGTTGCGATAACAAAATTTTTGCTACAATCAGGCCA,10.846123695373535
329,TTTATCTTTTCCCTGGTTGCGATAACAAAATTTTTGCTGTAATTAGAGCG,11.35187816619873
330,TTTACCTTTTTTCTTGTTGCGATAATAAAATTTTTGCTATAATTAGGGTG,13.454122543334961
331,TTTCCCTTTTTTCTTATTGCGATAACAAGATTTTTGCTATAATTAAGGTG,12.131407737731934
332,TTTATCTTTTTTCTTGTTGAGATAACAAAATTTTTGCTATATTTCAGGTG,12.306564331054688
333,TTTACCTTTTTTCTTGTTGAGATAACAAGGTTTTTGCTATAATGAAAGTT,13.131562232971191
334,GGTAGCTTTGTTCTGGTTTAGATGACGCGTTTTTTGCTACAATGACGGCT,9.293136596679688
335,TTTATCTTTTTTCTGGTTTTGCTGACAAAATTTTTGCTATAATAAAGACT,13.171402931213379
336,TTTACCTTCGCTCTGGCTTCGATAACAAAATTTTTGCTACAATAAAGACG,10.128494262695312
337,TTTACCTTTTTTCTGGCTGCAATAACAAAATTTTTGCTACATTTCAGCCA,12.090859413146973
338,TTTATCTTTTTTCTTGTTGAGATAACAAAATTTTTGCTACAGTTCGGGTT,11.744235038757324
339,TTTATCTTTTTTCTGGTTGGGATGACAAGATTTTTGCTACAATGAAAACT,11.63780403137207
340,TTTCTCTTTTTTCTGGTCGAGTTCCCAAAATTTTTGCTAAAATGAAAGTC,10.143691062927246
341,TTTACCTTTTTTCTTGTTGAGATAACAAAATTTGTGCTATAATTAGGGTT,14.16915512084961
342,TTTACCTGTTTTCTGGTTGAGATAACAAAACTTTTGCTAAAATCAAGGCG,12.111705780029297
343,TGTACCTTCTCTCTGGCTGAGATAACAAAATTTTTGCTACAATAAAAGCG,10.92868709564209
344,TTTAACCTTTCTCTGCTTTTGATACCAAAATTTTTGCTATAATTCGAGCC,12.480162620544434
345,TTTCTCTTTGTTCTGGCTTAGATAACAAAATTTTTGCTACAATTTAGGCT,11.378753662109375
346,TGTATCTTTTTTCTGGCTGAGATAATAAAGTTTTTGCTATAATCCAGACC,11.726937294006348
347,TGTATCTTTTCCATGGCCGAAATAACAAAATTTTTGCTACATTTCTGGTG,8.587247848510742
348,TTTCACTTTTTTCTGGTTTAGATAACAAAATTTTTGCTATAATCAAAGTG,12.235454559326172
349,TTTCTCTTTTTTCTGGTTGAGATAACAAAATTTTTGCTATAATCAGGGCG,13.183860778808594
350,TTTCCCTTTTTTCTGGTTGCGATAACAAAATTTTTGCTGCAATTAGTGCT,11.300098419189453
351,TTTCTCTTTTTTATGATTTTGATAGCAAAATTTTTGCTATATTGATGATG,10.110966682434082
352,TTTCTCTTTTTTCTGACTTTGCTCACAAAATTTTTGCTATCATGAGGGTC,9.785394668579102
353,TTTACCTTTTCTCTGCCCGAGATAACAAAATTTTTGCTATAGTGCAGGTG,10.937840461730957
354,TTTACCTTTTTTCTGGTTGCGATAACAAAATTTTTGCTAAAATGAAGGCG,13.274295806884766
355,TTTACCTTTTCCCTGGTTGAGATAATAAGATTTTTGCTAAAGTTAAGGTA,11.433918952941895
356,TTTCTCTTTTTTCTGGTCTTGATGACAAAATTTTTGCTACAATCAAGGTG,10.194732666015625
357,TTTATCTTTTTTCTGGTTGAAATAACAAAATTTTTGCTATAATAAAGATT,14.114893913269043
358,TTTACCTTTTTTCTGCCTGCGATAACAAAAATTTTGCTACAATGAAGTCA,12.07144546508789
359,TTTATCTTTTTTCTGGTTGCGATAACAAAATTCTTGCTATATTTAGAACG,12.029515266418457
360,CTTCTCTTTTTTCTGGTTGTGATAACAAAATTTTTGCTACATTGCTGGTG,10.760231018066406
361,TTTACCTTTTTTCTGTCTTGGATAACAAAATTTTTGCTATAGTTAAGGCG,12.517005920410156
362,TTTATCTTTTTTCTTGCTGCGATAACAAGATTTTTGCTACAATAAAAGTC,10.455547332763672
363,TGTATCTTTTTCCTGGTTGCGATACCAAGATTTTTGCTATAGTGAAAGTT,9.50998306274414
364,TTTACCTTTTTTCTGATTGAGATAACAAGATTTTTGCTATAATGAAAACG,11.593935012817383
365,TGTACCTTTTTTCTTGTTGCGATACCAAAGTTTTTGCTACAATCAAGATC,10.486554145812988
366,TTTCCCTTTTTTCTGGTCGAGATAATAAAATTTTTGCTATAATGAGGACG,12.394429206848145
367,TTTATCTTTTTTCTGGTTGAGATGATAAAATTTTTGCTACAATAAAGGCT,12.058802604675293
368,CTTCTCTTTTTTCTGGTTTTGCTAACAAAATTTTTGCTACAATAAAGGCT,11.496740341186523
369,TTTATCTTTTCTCTGATTGCGATAACAAAATTTTTGCTATAATGAAGGTT,13.536540985107422
370,TTTATCTTTTTTCTGCTTTTGATGGTAAGATTTTTGCTGTATTGAGGGTG,10.758501052856445
371,TTTCTCTTTTTTCTGGCTGAGATAACAAAATTTTTGCTATAATCAAGACG,12.636234283447266
372,TTTCTCTTTTTTCTGGTTTCGATAACAAAATTTTTGCTATAATGCAGATC,10.587725639343262
373,TTTATCTTTGCTCTGGTTGAGATAATAAGATTTTTGCTATAATCAAAATG,13.205589294433594
374,TTTCTCATTTTTCTGGTTTTGATAACAAAAATTTTGCTACAATCCAGTCC,10.189675331115723
375,TTTCTCTTTGCTCTGACTGAAATACCAAAATTTTTGCTATAATAAAAGCT,10.924751281738281
376,TTTATCTTTTTTCTGGCTGAGATAACAAAATTTTTGCTATAGTGAAGGTG,12.639135360717773
377,TTTCTCTTTTTTCTGGCTGAGATAACAAAGTTTTTGCTACAATGAAGGCT,11.42198371887207
378,TTTACCTTTTCTATTGTTTCGATAACAAAATTTTTGCTACAATGAAGGTG,10.60045337677002
379,TTTATCTTTTTTCTGGTTGAGATAACAAAATTTTTGCTACAATGAAGGTG,12.919071197509766
380,TTTATCTTTTTTCTGGTTGAGATAATAAGATTTTTGCTACAGTGAAATCT,11.304121017456055
381,TTTATCTTTTTTCTGGTTGAGATAACAAAATTTTTGCTACAGTTACGATG,12.231958389282227
382,TGTACCTTTTCTCTGATTGCGATAACAAAATTTTTGCTGTAATTTGGACG,11.195378303527832
383,TTTACCTTTTTTCTGGTTTTGCTAACAAAATTTTTGCTACAATGCATTTC,12.57722282409668
384,TTTCTCTTCTCTCTGGTTGCGATAACAAAGTTTTTGCTATAATGAGGGTT,11.516032218933105
385,CTTCCCTTTTTTCTGCTTTTTATAACAAGATTTTTGCTATAATGAATGTG,12.268555641174316
386,TTTCTCTTCGCTCTTGTTGAGATCACAAAATTTTTGCTACAATGAAGGTC,10.659344673156738
387,TGTATCTTTTCTCTGGTTGAGATAACAAAATTTTTGCTACAATGCAGACC,12.673596382141113
388,TTTCCCTTTTTTCTGGTTGCGGTGACAAAATTTTTGCTATAATGAAGGCG,12.845439910888672
389,TGTAACGTTTTTCTTGTTGATGTAACAAAATTTTTGCTATAATGAAAGTG,10.94230842590332
390,CTTAACTTTTTTCTTGTTGAAATAACAAAATTTTTGCTACATTGCGGGTT,12.792933464050293
391,TTTACCTTTTTTCTGGTTGAGGTAACAAAATTTTTGCTACAATCAAGACG,11.795402526855469
392,TTTATCTTTTTTCTTGTTGAGATCCCAAAGTTTTTGCTATAGTTTTGCCG,11.289305686950684
393,TGTCACTTTTTTATGGCTGAGATAACAAAACTTTTGCTACAATCAAGGCC,10.448290824890137
394,TGTAGCTTTTTTCTGGTTTTGATAACAAAATTTTTGCTACAATAAAAGCC,11.084321975708008
395,TTTACCTTTGTTCTTGTTGAGATGACAAAATTTTTGCTAAAATGAAGATG,11.63321590423584
396,TTTACCTTTTTTCTTGTTGAGATAATAAAGTTTTTGCTGTATTTTGATCC,10.698230743408203
397,TTTCCCTTTTTTCTGGTTGAAATAACAAAATTTGTGCTATAATGAAGATG,13.860054016113281
398,CTTCTCTGTTTTCTGGTTGAAATAACAAAACTTTTGCTATAATTAAGGTG,12.908818244934082
399,TTTATCTTTTTTCTGGTTGTGATAACAAAATTTTTGCTAAAATGAAGATG,13.024148941040039
400,TTTATCTTTTTTCTGGTTGAGATAACAAAATTTTTGCTATAATGAAGATG,14.163830757141113
401,TTTATCTTTTTTCTGGTTGAGATAACAAAATTTTTGCTATAATAAAGATT,13.918390274047852
402,TTTATCTTTTTTCTGGATGAGATAACAAAATTTTTGCTATAATGAAGATG,13.198729515075684
403,TTTATCTTTTTTCTGGTTGAGATAATAAAATTTTTGCTATAATGAAGATT,14.14315128326416
404,TTTATCTTTTCTCTGGCTGAGATAACAAAATTTTTGCTATAATGAAGGTG,13.399351119995117
405,TTTATCTTTTTTCTGGTTGAGATAACAAAATTTTTGCTATAATGAAGGTG,13.878222465515137
406,TGTATCTTTTTTCTGGTTGCAATAACAAAATTTTTGCTATAATGAGGGTG,13.464229583740234
407,TTTATCTTTTTTCTGGCTGTGATAACAAAATTTTTGCTATAATGAAGGTA,13.343523979187012
408,TTTATCTTTTTTCTGGTTGAAATAACAAAATTTTTGCTATAATGAAGATT,14.489532470703125
409,TTTATCTTTTTGCTGGATGAAATAACAAAATTTTTGCTATAATGAAGATG,12.429813385009766
410,TTTATCTTTTTTCTGGTTGCAATAACAAAATTTTTGCTATAATGCAGGTG,13.26457691192627
411,TTTATCTTTGCTCTGAATGAGATAACAAAATTTTTGCTATAATGAAAATG,12.508845329284668
412,TTTATCTTTTTTCTGGCTGAGATAACAAAATTTTTGCTATAATGAAGATG,13.760297775268555
413,TGTATCTTTTTTCTGGTTGAGATAACAAAATTTTTGCTATAATGAAGATT,13.96824836730957
414,TTTATCTTTTTTCTGTTTGAGATAACAAAATTTTTGCTATAATGAAGATG,13.421414375305176
415,TTTATCTTTTTTCTGGTTGAGATAATAAAATTTTTGCTATAATGAAGGTG,13.723916053771973
416,TTTATCTTTTTTCTGGCTGAGATAACAAAATTTTTGCTATAATGAAGGTG,13.474112510681152
417,TTTATCTTTTTTCTGGATGAGATAACAAAGTTTTTGCTATAATAAAGATG,12.928380012512207
418,TTTATCTTTTTTCTGGCTGAGATAACAAAATTTTTGCTATAATGCAGGTA,13.31139850616455
419,TTTATCTTTGTTCTGGCTGAGATAACAAAATTTTTGCTATAATGAAGGTG,13.305990219116211
420,TTTATCTTTTTTCTGGTTGAGATAACAAAGTTTTTGCTATAATGAAGATG,13.860028266906738
421,TTTATCTTTTCTCTGGCTGCGATAACAAAGTTTTTGCTATAATGAAGGTG,12.76530933380127
422,TTTATCTTTTTTCTGGTTGAAATAACAAAATTTTTGCTATAATGAAGGCG,14.51319694519043
423,TTTACCTTTTCTCTGGCTGAGATAACAAAATTTTTGCTATAATGAAGGTG,13.60063648223877
424,TGTATCTTTTTTCTGGATGAAATAACAAAGTTTTTGCTATAATGAAGATG,12.249876022338867
425,TTTACCTGTTTTCTGGCTGCGATAATAAGATTTTTGCTATAATGAAGGCG,12.060190200805664
426,TTTATCTTTTCTCTGGATGAGATAACAAAATTTTTGCTATAATGAAGATG,13.431011199951172
427,TGTATCTTTTCTCTGATTGAGATAACAAAGTTTTTGCTATAATGAAGGTT,12.590651512145996
428,TTTATCTTTTTTCTGGCTGAAATAACAAAATTTTTGCTATAATGAGGATG,13.629544258117676
429,TTTATCTTTTTTCTGGTTGAGATAACAAAATTTTTGCTATAATGCAGGTG,13.455764770507812
430,TTTATCTTTTTTCTGGTTGGGATAACAAAATTTTTGCTATAATGAAGGTC,13.46251392364502
431,TTTATCTTTTTTCTGGTTGCGCTAATAAGATTTTTGCTATAATGAAGATT,13.060959815979004
432,TGTATCTTTTTTCTGGCTGAGATACTGCGATTTTTGCTATAATGAAGATG,12.245452880859375
433,TGTATCTTTGTTCTGGCTGAAATAACAAAGTTTTTGCTATAATGAAGATG,12.51600170135498
434,TTTACCTTTTCTCTGGTTGAGATAACAAAATTTTTGCTATAATAAAGATG,14.53959846496582
435,TTTATCTTTTTTCTGGCTGCGATAACAAAATTTTTGCTATAATAAAGATG,13.713935852050781
436,TTTATCTTTTCTCTGGATGAGATAACAAAATTTTTGCTATAATGCAGATT,13.516480445861816
437,TTTATCTTTTTTCTGGTTGAGATAACAAAATTTTTGCTATAATAAAAATG,14.081768035888672
438,TTTATCTTTTTTCTGGTTGAAATAACAAGATTTTTGCTATAATGAAGACG,13.598628997802734
439,TTTATCTTTTCTCTGGCTGAGATAACAAAATTTTTGCTATAATGAAGACG,13.926816940307617
440,TTTATCTTTTTTCTGGATGAAATAACAAAATTTTTGCTATAATGAGGGTG,12.88838005065918
441,TTTATCTTTTTTCTGGATGAGATAACAAAATTTTTGCTATAATGAAGATA,13.213165283203125
442,TTTATCTTTTCTCTGGTTGAGATAACAAAATTTTTGCTATAATGAAGGTG,13.917510986328125
443,TTTACCTTTTTTCTGGATGAGATAACAAAATTTTTGCTATAATGAAGATG,13.07160758972168
444,TTTATCTTTTTTCTGGTTGCGATAACCAGATTTTTGCTATCATGAAGACG,12.074706077575684
445,TTTATCTTTTTTCTGGATGAAATAACAAAATTTTTGCTATAATGAAGGTG,12.926493644714355
446,TTTATCTTTTTTCTGGTTGAAATAACAAAATTTTTGCTATAATGAAGATG,14.356344223022461
447,TTTATCTTTTTTCTGGTTGAGATAACAAAATTTTTGCTATAATGAAAATG,13.739126205444336
448,TTTATCTTTTTTCGGTCTGAGATAACAAAATTTTTGTTATAATGAGGGTG,11.57893180847168
449,TTTATCTTTTTTCTGGTTGAAATAATAAAATTTTTGCTATAATGAAGGCG,14.07022762298584
450,TTTATCTTTTCTCTGGTTGCGATAACAAAATTTTTGCTATAATGAGGGTG,13.470460891723633
451,TTTATCTTTTTTCTGGTTGCGATAACAAGATTTTTGCTATAATGCGGGTG,12.04250717163086
452,TTTATCTTTTCTCTGGTTGAAATAACAAGATTTTTGCTATAATGAAGATG,13.536543846130371
453,TTTATCTTTTCTCTGGTTGAAATAACAAAATTTTTGCTATAATGAAGGCG,14.569902420043945
454,TTTATCTTTGCTCTGGATGAGATGGTAAAATTTTTGCTATAATGAAGATG,12.77130126953125
455,TGTATCTTTTTTCTGGTTGAGATAATAAAATTTTTGCTATAATAAAGATG,13.647226333618164
456,TTTATCTTTTCTCTGGCTGAGATAATAAAATTTTTGCTATAATGAAGGTG,13.239421844482422
457,TTTATCTTTTTTCTGGATGAAATAACAAAATTTTTGCTATAATGAGGATG,13.161176681518555
458,TTTATCTTTTTTCTGGTTGAAATAACAAAATTTTTGCTATAATGAAGGTG,14.067061424255371
459,TTTATCTTTTCTCTGGTTGAGATAACAAAATTTTTGCTATAATGAAGATG,14.203726768493652
460,TTTATCTTTTTTCTGGCTGAGATAACAAAATTTTTGCTATAATGAAGGCG,13.920490264892578
461,TTTATCTTTTCTCTGGATGAAATAACAAAATTTGTGCTATAATGAGGATT,13.249099731445312
462,TTTATCTTTTTTCTGTTTGAGATAACAAGATTTTTGCTATAATGAAAATG,12.020833015441895
463,TTTATCTTTTCTCTGGTTGCGATAACAAAATTTTTGCTATAATGAGGACG,13.62295913696289
464,TTTATCTTTTTTCTGGTTGAGATGATAAAATTTTTGCTATAATGAAGATG,13.157530784606934
465,TTTATCTGTTTTCTGGCTGCGATAACAAAATTTTTGCTATAATGAAGGTG,13.165990829467773
466,TGTATCTTTTTTCTGGCTGAAATAACAAAATTTTTGCTATAGTGAAGGTG,12.200482368469238
467,TTTATCTTTTTTCTGGCTGAAATAATAAGATTTTTGCTATAATGAAGATG,12.338321685791016
468,TTTATCTTTTTTCTTTTTGAGATAACAAAATTTTTGCTATAGTGAAGGTG,12.113409042358398
469,TTTATCTTTTTTCTGGTTGAAATAACAAAATTTTTGCTATAATAAAAATG,14.273160934448242
470,TTTATCTTTTTTCTGGTTGTGATAACAAAATTTTTGCTATAATGAAGATG,13.960601806640625
471,TTTACCTTTTTTCTGGTTGCGATAACAAAATTTTTGCTATAATGCGGATG,13.999421119689941
472,TGTATCTTTTTTCTGGTTGAAATAACAAAATTTTTGCTATAATGAAGGTG,13.72771167755127
473,TTTATCTTTGTTCTGGTTGAGATAACAAAATTTTTGCTATCATAAAGATG,12.713920593261719
474,TTTATCTTTTCTCTGGTTGAGATAACAAAATTTTTGCTATAATGAAGATC,13.982863426208496
475,TTTATCTTTTTTCTGGTTGCGATAATAAAATTTTTGCTATAATGAAGATG,13.632058143615723
476,TTTATCTTTTCTCTGGATGAGATAATAAAATTTTTGCTATAATGAAGATG,13.253555297851562
477,TTTATCTTTTTTCTGGCTGCGATAACAAGATTTTTGCTATAATGAAGGTG,12.349799156188965
478,TTTATCTTTTCTCTGGTTGAAATAACAAAATTTTTGCTATAATGAAGATG,14.44021987915039
479,TTTATCTTTTTTCTGGCTGAGATAACAAAATTTTTGCTATAATGAGGGTG,13.4285306930542
480,TTTATCTTTTTTCTGGTTGAAATAACAAGATTTTTGCTATAATGAAGGTG,13.073102951049805
481,TTTATCTTTTTTCTGGCTGTGATAACAAAATTTTTGCTATAATGAAGATG,13.461934089660645
482,TTTATCTTTTTTCTGGATGAAATAACAAAATTTTTGCTATAGTGCGGGTG,12.499544143676758
483,TGTATCTTTTTTCTGGTTGTAATAACAAAATTTTTGCTATAATGAAGATG,13.871726989746094
484,TTTATCTTTTTTCTGGTTGAGATAACAAAATTTTTGCTATAATGAAGATA,14.178828239440918
485,TTTATCTTTGTTCTGGTTGAAATAACAAAATTTTTGCTATAATGAAGGTG,13.984211921691895
486,TGTATCTTTTTTCTGGTTGAAATAATAAGATTTTTGCTATAATGAAGATG,12.991945266723633
487,TTTATCTTTTTTCTGGCTGAAATAATAAAATTTTTGCTATAATGAAGATG,12.979595184326172
488,TTTATCTTTTTTCTGTTTGCGATAACAAAATTTTTGCTATAATAAAGGTG,12.483070373535156
489,TGTATCTTCGCTCTGGTTGAGATAACAAAATTTTTGCTATAATGAAGACC,12.398540496826172
490,TTTATCTTTTCTCTGGATGAAATAACAAAATTTCTGCTATAATGAAGGCG,13.254569053649902
491,TTTATCTTTTTTCTTGCTGAGATAACAAAATTTTTGCTATAATGAAGATG,13.277012825012207
492,TTTATCTTTTTTCTGGCTGTGATAACAAAATTTTTGCTATAATGAAGGCG,13.622139930725098
493,TGTATCTTTTTTCTGGATGAGATAACAAGATTTTTGCTATAATGAAGATG,11.7517671585083
494,TTTATCTTTTTTCTGGTTGCGATAATGAAATTTTTGCTATAATGAAGATG,12.538764953613281
495,TTTATCTTTGTTCTTGTTGAAATAACAAAATTTGTGCTATAATGAAAATG,13.613240242004395
496,TTTATCTTTTTTCTGGTTGAAATAATAAAGTTTTTGCTATAATGAAGATG,13.241950035095215
497,TTTATCTTTTTTCTGGTTGAGATAACAAGATTTTTGCTATAATGAAGGCG,13.425643920898438
498,TTTATCTTTTTTCTGGTTGCGATAATAAAATTTTTGCTATAATGAAGGTG,13.358570098876953
499,TTTATCTTTTCTCTGGCTGAGATAACAAAATTTTTGCTATAATGAAGATG,13.686148643493652
500,TTTACCTTTGTTCTGGTTGAGATAACAAAATTTTTGCTATAATGAAGGCT,13.683466911315918
501,TGTACCTTTTTTCTTGATGAGATACCGCGATTTTTGCTATAATGAAGATG,11.256667137145996
502,TTTATCTTTTCTCTGGTTGGGATAACAAAATTTTTGCTATAATGAAGATG,13.511188507080078
503,TTTACCTTTTTTCTGGGTGAAATAACACAATTTTTGCTATAATGAAGATG,12.456287384033203
504,TTTATCTTCTCTCTGGATGAAATAACAAAATTTTTGCTATAATGAAGATG,12.190566062927246
505,TTTATCTTTTTTCTGGTTGCGATAACAAAATTTTTGCTATAATGAAGGTG,13.562030792236328
506,TTTATCTTTTTTCTGGTTGCGATAACAAAATTTTTGCTATAATGAAGATG,13.848200798034668
507,TTTATCTTTTTTCTGGATGAAATAACAAAATTTTTGCTATAATGAAGATG,13.21576976776123
508,TTTACCTTTTTTCTGGTTGAAATAACAAAATTTTTGCTATAATGAAGATG,14.344210624694824
509,TTTATCTTTTTTCTGGTTGAGATAATAAGGTTTTTGCTATAATGAAGATG,13.211853981018066
510,TTTATCTTTTTTCTGGATGAGATAACAAAATTTTTGCTATAGTGAAGGCG,12.734702110290527
511,TTTATCTTTTTTCTGGATGAGATAACAAGATTTTTGCTATAATGAAGGTG,11.840984344482422
512,TTTATCTTTTTTCTGGTTGAAATAACAAAATTTTTGCTATAATGAAGCCA,14.106950759887695
513,TTTATCTTTTCTCTGGTTGCGATAATAAGATTTTTGCTATAATGAAGATG,13.124109268188477
514,TTTATCTTTTTTCTGGTTGAGATAATAAAATTTTTGCTATAATGAAGGTT,14.299749374389648
515,TTTATCTTTTTTCTGGTTGAGATAACAAGATTTTTGCTATAATAAAGGTG,12.601349830627441
516,TTTATCTTTGCTCTGGTTGCGATAACAAAATTTTTGCTATAATGAAGGTG,13.39101505279541
517,TGTATCTTTTCTCTGGCTGAAATAACAAAATTTTTGCTATAATGAAGATG,13.14122200012207
518,TTTATCTTTTTTCTGGTTGAAATAACAAAATTTTTGCTATAGTGAAAGTG,13.267436981201172
519,TTTATCTTTTTTCTGGTTGGGATAATAAAATTTTTGCTATAATGAAGATG,13.104286193847656
520,TTTATCTTTGTTCTGGTTGAAATAACAAAATTTTTGCTATAATGAAGATG,14.2734956741333
521,TGTATCTTTTTTCTGGATGAAATAACAAGATTTTTGCTATAATGAAGATG,11.612265586853027
522,TTTATCTTTTTTCTGGATGAAATAACAAGATTTTTGCTATAATGAAGATT,12.145528793334961
523,TTTATCTTTGCTCTGGTTGCGATAACAAGATTTTTGCTATAATGAAGATG,12.689910888671875
524,TTTATCTTTGCTCTGGTTGAGATAACAAAATTTTTGCTATAATGAAGATG,14.324789047241211
525,TTTATCTTTTTTCTGAATGAAATAACAAAATTTTTGCTATCATGAAAATG,11.5316743850708
526,TTTACCTTTTTTCTGGTTGAGATAACAAAATTTTTGCTATAATGAGGATG,14.133076667785645
527,TTTATCTTTTTTCTGGTTTCGATAACAAAATTTTTGCTATAATGAAGATG,11.805105209350586
528,TTTATCTTTTTTCTGGCTGAGATAACAAAATTTTTGCTATAATGAAGATT,13.893728256225586
529,TTTATCTTTGCTCTGGTTGAGATAACAAAGTTTTTGCTATAATGAAGATG,13.980704307556152
530,TTTATCTTTTTTCTGGATGAAATCACAAAATTTTTGCTATAATGAAAGTT,12.197397232055664
531,TTTATCTTTTTTCTGGTTGAGATAACAAAATTTTTGCTATAATGAAGACG,14.405939102172852
532,CTTATCTTTGTTCTGGATGTGATGACAAGATTTTTGCTATAATGAAAATT,11.837859153747559
533,TGTATCTTTTCTCTGGCTGAGATAACAAAATTTTTGCTATAATGAAGGTG,12.778960227966309
534,TTTATCTTTTTTCTGGTTGAGATAACAAAATTTTTGCTATAGTGAAGGTG,13.044666290283203
535,TTTATCTTTTTTCTGGATGAGATAACAAAATTTTTGCTATAATGAAGGTG,12.912559509277344
536,TTTATCTTTGTTCTGGATGAGATAACAAAATTTTTGCTATAATGAAAGTG,12.688191413879395
537,TTTATCTTTTTTCTGGTTGAGATAACAAGATTTTTGCTATAATGAAGATT,13.377554893493652
538,TTTATCTTTTTTCTGGTTGCGATACCAAAATTTTTGCTATAATGAAGATG,13.335379600524902
539,TTTACCTTTTTTCTGGATGAGATAATAAGATTTTTGCTATAATGAAGATG,12.059161186218262
540,TTTATCTTTTTTCTGGTTGAGATACCAAAATTTTTGCTATAATGAAGATT,13.430269241333008
541,TGTATCTTTTTTCTGGTTGAGATAACAAAATTTTTGCTATAATGAAGATG,13.835060119628906
542,TGTATCTTTTTTCTGGATGAGATAACAAAATTTTTGCTATAATGAAGGTG,12.542585372924805
543,TTTATCTTTTTTCTGGTTGAAATAACAAAATTTTTGCTATAATGAAGACG,14.59787654876709
544,TGTATCTTTTTTCTGGTTGAGATAACAAAATTTTTGCTATAATAAAGATG,13.814920425415039
545,TTTATCTTTTTTCTGGATGAGATAACAAAATTTTTGCTATAATGAAAATG,12.773463249206543
546,TTTACCTTTTTTCTGGATGAGATAATAAAATTTTTGCTATAATGAAGGTG,12.269071578979492
547,TGTATCTTTTTTCTGGATGAGATAACAAAATTTTTGCTATAATGAAAATG,12.403478622436523
548,TTTATCTTTTTTCTGGCTGAGATGATAAAATTTTTGCTATAATGAAGACG,12.976630210876465
549,TTTATCTTTTTTCTGGTTGAGATAATAAAATTTTTGCTATAATGAAGACG,14.265631675720215
550,TTTATCTTTTTTCTGAATGCGATAACAAAATTTTTGCTATAATGAAGATG,12.346124649047852
551,TTTATCTTTTTTCTGGATGCGCTGTTAAAATTTTTGCTATAATGAGGATG,13.43792724609375
552,TTTATCTTTTTTCTGGATGAGATGACAAAATTTTTGCTATAATGAAGATT,12.504297256469727
553,TTTATCTTTTTTCTGGCTGAAATAACAAAATTTTTGCTATAATGCAGGTG,12.97939395904541
554,TTTATCTTTTCTCTGGTTGAGATAACAAAATTTTTGCTATAATGAAAGTG,13.517451286315918
555,TTTATCTTTGTTCTGGTTGAGATAACAAAATTTTTGCTATAATGAAAGTG,13.450536727905273
556,TTTATCTTTTTTCTGGTTGAGATAACAAAATTTTTGCTATAATGAAGATT,14.297595977783203
557,TGTATCTTTTTTCTGGCTGAAATAACAAAATTTTTGCTATAATGAAGACG,13.555571556091309
558,TGTATCTGTTTTCTGTTTGAAATAACAAAATTTTTGCTATAATGAAGGTG,12.760290145874023
559,TTTATCTTTTTTCTGGTTGCGATAGTCAGGTTTTTGCTATAATGAAGGTA,13.233604431152344
560,TTTATCTTTTTTCTGGATGAAATAATCAGATTTTTGCTATAATGAAGGTG,11.27354621887207
561,TTTATCTTTGCTCTGGCTGAGATAACAAAATTTTTGCTATAATGAAGATG,13.530194282531738
562,TTTATCTTTTCTCTGGTTGAGATAATAAAATTTTTGCTATAATGAAGGTG,13.71011734008789
563,TTTATCTTTTTTCTGGATGAAATCCCCAAATTTTTGCTATAATGAAGATG,11.191585540771484
564,TTTCTCTTTTTTCTGGTTGAGATAACAAAATTTTTGCTATAATGAAGATT,13.30598258972168
565,TTTATCTTTTTTCTGGTTGAAATAACAAAATTTTTGCTATAATGAAGACT,14.432060241699219
566,TTTACCTTTTTTCTGGTTGAAATAACAAAATTTTTGCTATAATGAAGACT,14.419941902160645
567,TTTCTCTTTTTTCTGGTTGAAATAACAAAATTTTTGCTATAATGAGGACT,13.039795875549316
568,TTTATCTTTTCTCTGGTTGAAATACCAAAATTTGTGCTATAATGAGGATT,12.734972953796387
569,TTTATCTTTTTTCTGGTTGAAATAACAAAATTTTTGCTATAATGCAGACT,14.705985069274902
570,TTTATCTTTTTTCTGGTTGAAATAACAAAATTTTTGCTATAATGAGGATT,14.40019416809082
571,TTTATCTTTTCTCTGGTTGAAATAACAAAATTTTTGCTATAATAAAGACG,14.24724006652832
572,TTTACCTTTTCTCTGGTTGAAATAACAAAATTTTTGCTATAATGAAGACT,14.854208946228027
573,TTTATCTTTTCTCTGGTTGAAATAACAAAATTTTTGCTATAATGAAGACT,14.488523483276367
574,TTTATCTTTTTTCTGGTTGAAATAACAAAATTTGTGCTATAATGAAGACT,14.294979095458984
575,TTTCTCTTTTTTCTGGTTGAAATAACAAAATTTTTGCTATAATGCAGACT,13.667411804199219
576,TTTATCTGTTTTCTGGTTGAAATCACAAAATTTGTGCTACAATAAAGACT,12.220405578613281
577,TTTACCTTTTTTCTGGTTGAAATAACAAAATTTTTGCTATAATAAAGATT,14.102776527404785
578,TTTATCTTTTTTCTGGTTGAGATAACAAAATTTTTGCTATAATGAGGATT,14.203887939453125
579,TTTATCTTTTTTCTGGTTGAAATCACCAAATTTTTGCTATAATGAAAACT,12.980077743530273
580,TTTACCTTTTTTCTGTTTGAAATAACAAAATTTTTGCTATAATGCAGATT,13.768630027770996
581,TTTACCTTTTTTCTGGTTGAAATAACAAAATTTTTGCTATAATGAAGATT,14.477415084838867
582,TTTATCTTTTTTCTGGTTGAAATAACAAGATTTTTGCTATAATGAGGCTT,13.296148300170898
583,TTTATCTTTTTTCTGGTTGAAATAACAAAATTTTTGCTATAATAAAGACT,13.967718124389648
584,TTTATCTTTTTTCTGGTTGAAATAACAAGATTTTTGCTATAATGAAGACT,13.42907428741455
585,TTTATCTTTTTTCTGGTTGAAATAACAAAATTTTTGCTATAATGCGGATT,14.405118942260742
586,TTTATCTTTTTTCTGGTTGAAATCACAAAATTTTTGCTATAATGAAGACG,13.873956680297852
587,TTTACCTCTTCTCTGGTTGAAATAACAAAATTTGTGCTATAATACAGATT,13.212818145751953
588,TTTATCTTTTTTCTGGTTGAAATAACAAAATTTTTGCTACAATAAAGACT,13.102421760559082
589,TTTATCTTTTTTCTGGTTGAAATAACAAAATTTGTGCTATAATGAAGACG,14.488272666931152
590,TTTATCTTTTCTCTGGTTGAAATAACAAAATTTTTGCTATAATAAAGATT,14.171357154846191
591,TTTATCTTTTTTCTGTTTGAAATAACAAAATTTTTGCTATAATGAAGATT,13.860529899597168
592,TTTATCTTTTTTCTGGTTGAAATAACAAAATTTTTGCTATAATGCAGATT,14.445712089538574
593,TTTATCTTTTCTCTGGTTGAAATAACAAAATTTGTGCTATAATGAAGATT,14.391762733459473
594,TTTACCTTTTCTCTGGTTGAAATAACAAAATTTTTGCTATAATGAAGATG,14.778491973876953
595,TTTATCTTTTCTCTGGTTGAAATAACAAAATTTTTGCTATAATGAAGATT,14.546208381652832
596,TTTATCTTTTTTCTGGTTGAAATAACAAAATTTTTGCTATAATGTTGCTT,13.969539642333984
597,TTTATCTTTTTTCTGGTTGAAATAACAAAATTTTTGCTACAATGAAGACT,13.498196601867676
598,TTTCTCTTTTTTCTGGTTGACATCACAAAATTTTTGCTATAATGAAGACG,14.067687034606934
599,TTTATCTTTTTTCTGGTTGAAATAACAAAATTTTTGCTATAATGCTGACT,13.953744888305664
600,TTTATCTTTTTTCTGGTTGAAATAACAAAATTTTTGCTATAGTGCAGATT,13.704297065734863
601,TTTATCTTTTTTCTGGTTGAAATAACAAAATTTTTGCTATAATAAAGACG,14.190777778625488
602,TTTATCTTTTTTCTGGTTGAAATCACAAAATTTTTGCTATAATGAAGATT,13.765610694885254
603,TTTATCTTTTTTCTGGTTGAAATAACACGATTTTTGCTATAATGAAGACT,13.2550630569458
604,TTTATCTTTTTTCTGGTTGAAATAACAAAATTTTTGCTATAATGCGGCTT,14.08033275604248
605,TTTATCTTTTTTCTGGTTGAAATAACAAAATTTTTGCTAAAATAAAGACT,13.167165756225586
606,TTTATCTTTTTTCTGGTTGAAATAACAAAGTTTTTGCTATAATGAAGATT,13.944961547851562
607,TTTATCTTTTTTCTGGTTGCGATAACAAAATTTTTGCTATAATGAAGACT,13.923986434936523
608,TTTATCTTTTCTCTGGTTGAAATAACAAAATTTTTGCTATAATGAGGACT,14.134913444519043
609,TGTATCTTTTCTCTGGTTGAAATAACAAAATTTTTGCTATAATGAAGATT,13.983912467956543
610,TTTATCTTTTCTCTGGCTGAAATAACAAAATTTTTGCTATAATGAAGGCG,13.92628288269043
611,TTTATCTTTTTTCTGGTTGAAATAACAAAATTTTTGCTAGAATGAAGACT,13.929930686950684
612,TTTATCTTTTTTCTGGTTGAAATAACAAAATTTTTGCTATAATGAGGACT,14.078451156616211
613,TTTATCTTTTCTCTGGTTGAAATAACAAAATTTTTGCTATAATGAAGACG,14.654339790344238
614,TTTATCTTTTTTCTGGTTGAAATAACAAAATTTTTGCTATAATGTGGATT,14.892266273498535
615,TTTATCTTTTCTCTGGTTGAAATAACAAAATTTTTGCTATAATGCAGACT,14.762530326843262
616,TTTATCTTTTCTCTGGTTGAGATAACAAAATTTTTGCTATAATGAAGACT,14.279465675354004
617,TTTATCTTTTTTCTGGTTGAGATAACAAAATTTTTGCTACAATGAAGATT,13.170464515686035
618,TTTATCTTTTCTCTGGTTGAAATCACAAAATTTTTGCTATAATGAAGACT,13.652481079101562
619,TTTCTCTTTTTTCTGGTTGAAATAACAAAATTTTTGCTATAATGAAGACT,13.39340591430664
620,TTTATCTGTTTTCTGGTTGAAATAACAAAATTTTTGCTATAATGAAGACT,14.40959644317627
621,TTTATCTTTTTTCTGGTTGAAATAATCAAATTTTTGCTATAATGAGGATT,12.836319923400879
622,TTTATCTTCTCTCTGGTTGAAATAACAAAATTTTTGCTATAATGAAGACT,13.71876335144043
623,TTTACCTTTTTTCTGGTTGAAATAACAAAATTTTTGATATAATGCAGATT,13.478717803955078
624,TTTATCTTTTTTCTGGTTGAAATAACAAAATTTGTGCTATAATGCAGATT,14.237370491027832
625,TTTATCTTTTCTCTGGTTGAGATAACAAAATTTTTGCTATAATGAAGATT,14.337127685546875
626,TTTATCTTTTTTCTGGTTGAAATAACAAAATTTTTGCTATAATAAAGATG,14.340771675109863
627,TGTATCTTTTTTCTGGTTGAAATAACAAAATTTTTGCTATAATGAAGACT,14.107305526733398
628,TTTATCTTTTTTCTGGTTGAAATAACAAAATTTTTGATATAATGAAGACT,13.697065353393555
629,TTTATCTTTTTTCTGGTTGAAATCACAAGATTTTTGCTATAATACAGATT,11.83188533782959
630,TTTATCTTTTTTCTGGTTGAAATAACAAGATTTTTGCTATAATGCAGACT,13.716317176818848
631,TTTATCTTTTTTCTGGTTGAAATAACAAAATTTTTGCTATAATGATGACT,14.311820030212402
632,TTTACCTTTTCTCTGGTTGAAATAACAAAATTTTTGCTATAATGTGGATT,15.314414978027344
633,TTTACCTTTTTTCTGGTTGAAATAACAAAATTTTTGCTATAATGAGGACT,14.06633186340332
634,TTTATCTTTTCTCTGGATGAAATAACAAAATTTTTGCTATAATGAAGATT,13.607934951782227
635,TTTATCTTTTTTCTGGTTGACATAACAAAATTTTTGCTATAATGAAGATT,15.289196014404297
636,TTTACCTTTTCTCTGGTTGAAATAACAAAATTTTTGCTATAATGAAGATT,14.911680221557617
637,TTTACCTTTTCTCTGGTTGAAATACCAAAATTTTTGCTGTAATGAAGATT,11.634027481079102
638,TTTACCTTTTTTCTGGTTGAAATACCGAAATTTTTGCTATAATGAAGATG,12.278517723083496
639,TTTACCTTTTTTCTGGTTGACATACCAAAATTTTTGCTATAATGAAGATT,14.249667167663574
640,TTTACCTTTTTTCTGGTTGACATAACAAAATTTTTGCTATAATGAAGATT,15.333454132080078
641,TTTACCTTTTTTCTGGGTGAAATAACACAATTTTTGCTATAATGAAGATT,12.593782424926758
642,TGTATCTTTTTTCTGGTTGAAATAACAAAATTTTTGCTATAATGAAGATT,14.715271949768066
643,TTTACCTTTTTTCTGGTTGAAATAACAAAATTTTTGCTATAATGAGGATT,14.388075828552246
644,TGTATCTTTTTTCTGGTTGACATAACAAAATTTTTGCTATAATAAAGACT,14.450843811035156
645,TTTATCTTTTTTCTGGTTGACATAACAAAATTTTTGCTATAATGAAAATT,15.161419868469238
646,TTTACCTTTTTTCTGGTTGACATAACAAAATTTTTGCTATAATGAAGATG,15.20026683807373
647,TTTACCTTTTCTCTGATTGAAATAACAAAATTTTTGCTATAATGAAGATT,14.157100677490234
648,TTTACCTTTTCTCTGGTTGAGATAACAAAATTTTTGCTATAATGAAGATT,14.677506446838379
649,TTTATCTTTTTTCTGATTGAAATAACAAAATTTTTGCTATAATGAAGATT,13.590476989746094
650,TGTACCTTTTTTCTGGTTGACATCACAAAATTTTTGCTATAATGAAGATT,14.769457817077637
651,TTTACCTTTTTTCTGGTTGAAATCACAAAATTTTTGCTATAATAAAGACT,13.236900329589844
652,TTTACCTTTTTGCTGGTTGAAATAACAAAATTTTTGCTATAATGAAGATT,13.85556411743164
653,TTTACCTTTTCTCTGGTTGACATAACAAAATTTTTGCTATAATGAAGGCT,15.413169860839844
654,TTTACCTTTTTTCTGGTTGAGATAACAAAATTTTTGCTATAATGTGGATT,14.723583221435547
655,TTTATCTTTTTTCTGGTTGACATAACAAAATTTTTGCTATAATGAGGATT,15.198397636413574
656,TTTACCTTTTCTCTGGTTGACGTAACAAAATTTTTGCTATAATGAGGATT,14.166616439819336
657,TTTACCTTTTTTCTGGTTGACATACCAAAATTTTTGCTATAATGAGGATT,14.131531715393066
658,TTTACCTCTTTTCTGGTTGAAATAACAAAATTTTTGCTATAATGAAGATT,13.971381187438965
659,TTTACCTCCTCTCTGGTTGACATCACAAAATTTTTGCTATAATGAAGATT,15.148040771484375
660,TTTACCTTTTTTCTGGTTGAAATACCAAAATTTTTGCTATAATAAAGATT,12.880087852478027
661,TTTACCTTTTTTCTGGTTGAAATAACAAAATTTTTGCTACAATAAAGATT,13.101879119873047
662,TTTACCTTTTTTCTGGTTGAAATAACAAAATTTTTGCTATAATGAAGCTT,14.336676597595215
663,TTTACCTTTTCTCTGGTTGACATAACAAAATTTTTGCTATAATGAAGATT,15.529521942138672
664,TTTACCGTTTTTCTGGTTGACATAACAAAATTTGTGCTATAATGAAGATT,14.094313621520996
665,TTTACCTTTTTTCTGGTTGAAATAACAAAATTTTTGCTATAATGAGGATG,14.289633750915527
666,TTTATCTTTGTTCTGGTTGACATAACAAAATTTTTGCTATAATGAAGATT,15.159464836120605
667,TTTACCTTTTTTCTGGTTGAAATAACAAAATTTTTGCTATAATGTGGATT,14.880146026611328
668,TGTACCTTTTCTCTGGTTGAAATAACAAAATTTTTGCTATAATGAAGATT,14.628067970275879
669,TTTACCTTTTCTCTGGTTGAAATAACAAAATTTTTGCTATAATGAGGATT,14.809771537780762
670,TTTACCTTTTTTCTGGTTGAGATAACAAAATTTTTGCTATAATGAAGATT,14.325471878051758
671,TTTACCTTTTTTCTGGTTGAAATAACAAAATTTTTGCTATAATGAAAATG,13.922822952270508
672,TTTACCTTTTCTCTGGGTGAAATAACAAAATTTTTGCTATAATGAGGATT,13.853758811950684
673,TTTACCTTTTTTCTGGTTGACATAACAAGATTTTTGCTATAATGAAGATT,14.432458877563477
674,TTTACCTTTTTTCTGGTTGAAATAACAAAATTTTTGCTATAATGCAGATT,14.433595657348633
675,TTTACCTTTTCTCTGGTTGACATAACAAAATTTTTGCTATAATGAGGATT,15.438337326049805
676,TTTACCTTTTTTCTGGTTGAAATAACAAAATTTTTGCTATAATGTAGATT,15.039690017700195
677,TTTACCTTTTCTCTGGTTGAAATCACAAAATTTTTGCTATAATGAAGACT,14.034464836120605
678,TTTACCTTTTTTCTGGTTGACATACCAAAATTTGTGCTATAATAAAGATT,14.351871490478516
679,TTTACCTTTTTTCTGGATGAAATAACAAAATTTTTGCTATAATGAAGACT,13.150124549865723
680,TTTACCTTTTTTCTGATTGAAATAACAAAATTTTTGCTATAATGAAGATT,13.48397159576416
681,TTTACCTTTTTTCTGATTGACATAACAAGATTTTTGCTATAATGAAGATT,13.237683296203613
682,TTTACCTTTGTTCTGGTTGAAATAACAAAATTTTTGCTATAATGAAGATT,13.980839729309082
683,TTTACCTTTTTTCTGGTTGAAATAACAAGATTTTTGCTATAATGAAGATT,13.50710391998291
684,TTTACCTCTTTTCTGGTTGAAATACCAAAATTTTTGCTATAATGAAGATT,12.740620613098145
685,TTTACCTTTTTTCTGGTTGCCATAACAAAATTTTTGCTATAATGCAGATT,13.462464332580566
686,TTTATCTTTTCTCTGGTTGACATAACAAAATTTTTGCTATAATGAAGATT,15.139972686767578
687,TTTACCTTTTTTCTGGTTGACATAACAAAATTTTTGCTATAATGAGGATT,15.242512702941895
688,TGTATCTTTTTTCTGGTTGACATCACAAAATTTTTGCTATAATGAAGATT,14.662713050842285
689,TTTACCTTTTTTCTGGTTGAAATACCAAAATTTTTGCTATAATGAAGATT,13.258790969848633
690,TTTACCTTTTTTCTGGTTGCAATAACAAAATTTTTGCTATAATGAAGATT,14.259627342224121
691,TGTACCTTTTTTCTGATTGACATAACAAAATTTTTGCTATAATGAAGATT,13.950040817260742
692,TTTACCTTTTTTCTGGTTGAAATCACAAAATTTTTGCTATAATGAAGATT,13.7596435546875
693,TTTACCTTTGCTCTGGTTGACATAACAAAATTTTTGCTATAATGAAGATT,14.813363075256348
694,TTTATCTTTTTTCTGGTTGACATAACACAATTTTTGCTATAATGAAGATT,14.52033805847168
695,TTTACCTTCTCTCTGGTTGAAATAACAAAATTTTTGCTATAATGAAGATT,13.88840103149414
696,TTTACCTTTTTTCTGGATGAAATAACAAAATTTTTGCTATAATGAAGATG,13.074408531188965
697,TTTACCTTTTTTCTGGTTGAAATAACAAAATTTGTGCTATAATGAAGATT,14.330511093139648
698,TTTACCTTTTTTCTGGTTGGCATAACAAAATTTTTGCTATAATGAAGATT,13.993581771850586
699,TGTATCTTTTCTCTGGTTGAAATAACAAAATTTTTGCTATAATGAGGCTT,13.68919563293457
700,TTTACCTTTTTTCTGGTTGACATAACAAAATTTGTGCTATAATGAAGATT,15.468454360961914
701,TTTACCTTTTTTCTGGTTGACATAACAAAATTTTTGCTATAATAAAAATT,15.27045726776123
702,TTTACCTTTTTTCTGGTTGACATAACAAAATTTTTGCTATAATAAAGATT,14.957026481628418
703,TTTACCTTTTTTCTTGTTGACATAACAAAAGTTGTGCTATAATAAAGATT,14.427035331726074
704,TTTACCTTTTCTCTGGTTGACATAACAAAATTTGTGCTATAATGAAGATT,15.675741195678711
705,TTTACATTTTTTCTGGTTGACATAACAAAATTTGTGCTATAATGAAGATT,15.314407348632812
706,TTTACCTGTTTTCTGGTTGACATAACAAAATTTGTGCTATAATGCGGATT,14.943572998046875
707,TTTATCTTTTTTCTGGTTGACATAACAAAATTTGTGCTATAATGAAGATT,15.424283981323242
708,TTTACCTTTTTTCTGGTTGACATAACAAAATTTGTGCTATAATAAAGATT,15.264350891113281
709,TTTACCTTTTTTCTGGTTGACATAACAAAATTTGTGCTATAATGAAGATG,15.315579414367676
710,TTTACCTTTTTTCTGGTTGACATACCAAAATTTGTGCTATAATGAAGATT,14.553436279296875
711,TTTACCTTTTTTCTGGTTGACATAACAAAATTTTTGCTATAATGAAAACT,15.198095321655273
712,TTTACCTTTTTTCTGGTTGACATCACAAAATTTGTGCTATAATAAAGATT,14.627540588378906
713,TTTACCTTTTTTCTGGTTGACATAACAGAATTTTTGCTATAATAAAGATT,14.11529541015625
714,TTTACCTTTTTTCTGGTTGACATAACAAAATTTTTGCTATAATGTGGATT,15.73429012298584
715,TTTACCTTTTTTCTGGTTGACATAACAAAATTTTTGCTATAATGCAGATT,15.28803539276123
716,TTTACCTTTTTTCTTGTTGACATAACAAAATTTGTGCTATAATGAAGATT,15.14864730834961
717,TTTACCTTTTTTCTGGTTGACATAACAAAATTTGTGCTACAATAAAGATT,14.11270523071289
718,TTTACCTTTTTTCTGGTTGACATCCCAAAATTTGTGCTATAATGAAGATT,14.988840103149414
719,TTTATCTTTTTTCTGGTTGACATAACAAAATTTTTGCTATAATAAAGATT,14.912911415100098
720,TTTACCTTTTTTCTGGTTGACATAACAAAATTTGTGGTATAATGAAGATT,14.896066665649414
721,TTTACCTTTTTTCTGGTTGACATAACAAAATTTGTGCTATAATGAAGACT,15.420804977416992
722,TTTACCTTTTTTCTGGTTGACATCACAAAATTTGTGCTATAATGAAGATT,14.83565616607666
723,TTTACCTTGGTTCTGGTTGACATAACAAAATTTGTGCTATAATGAAGATT,13.942140579223633
724,TTTACCTTTTTTCTGGTTGACATAACAAAATTTGTGCTATAATGAAAATT,15.425436019897461
725,TTTACCTTTTTTCTGGTTGACATAACAAAATTTGTGCTATAATGAGGATG,15.097040176391602
726,TTTACCTTTGTTCTGGTTGACATAACAAAATTTGTGCTATAATGAAGATT,14.851777076721191
727,TTTACCTTTTTTCTGGTTGACATAACAAAATTTTTGCTATAATGAAGCTT,15.195813179016113
728,TTTACCTTTTTTCTGGTTGGCATAACAAAATTTGTGCTATAATGAAGATT,13.961142539978027
729,TTTACCTTTTTTCTGGTTGAAATAACAAAAGTTGTGCTATAATGAAGATT,13.736150741577148
730,TTTACCTTTTTTCTGGTTGACATAACAAAATTTGTGCTATAATAAAGCTT,14.868395805358887
731,TGTACCTTTTCTCTGGTTGACATAACAAAATTTGTGCTATAATGAAGATT,15.420628547668457
732,TTTACCTGTGCTCTGGTTGACATCACAAAATTTGTGCTATAATGAAGATT,13.628399848937988
733,TTTACCTTTTCTCTGGTTGAAATAACAAAAGTTGTGCTATAATGAAGATT,14.183506965637207
734,TTTATCTTTTTTCTGGTTGACATAACAAAATTTTTGCTATAATGAAGCTT,15.151629447937012
735,TTTATCTTTTTTCTGGTTGACATAACAAAATTTGTGCTATAATAAAGATT,15.220235824584961
736,TTTATCTTTTTTCTGGTTGACATAACAAAAGTTGTGCTATAATAAAGATT,14.747427940368652
737,TTTACCTTTTTTCTTGTTGACATAACAAAAGTTGTGCTATAATGAAGATG,14.57585334777832
738,TTTACCTTTTCTCTGGTTGACATAACAAAATTTGTGCTATAATAAAGATT,15.471637725830078
739,TTTACCTTTTTTCTGGTTGACATAACAAAATTTGTGCTATAATGAAGCTT,15.340048789978027
740,TTTACCTTTTTTCTGGTTGACATAACAAAATTTTTGCTATAATGAAAATT,15.205527305603027
741,TTTACCTTTTTTCTGGTTGAAATAACAAAATTTGTGCTATAATAAAGATT,14.129246711730957
742,TTTACCTTTTTTCTTTTTGACATAACAAAATTTGTGCTATAATGAAGATT,13.965446472167969
743,TTTACCTTTTCTCTGGTTGAAATAACAAAATTTGTGCTATAATGAAGATT,14.757474899291992
744,TTTATCTTTTTTCTGGTTGACATCACAGAATTTGTGCTATAATAAAGATT,13.605550765991211
745,TTTACCTTTTTTCTGGTTGACATAACAAAATTTGTGCTATAATGAGGATT,15.202961921691895
746,TTTACCTTTTTTCTGGTTGACATAACAAAATTTGTGCTATAATGTTGATT,15.190803527832031
747,TTTACCTTTTTTCTGGTTGACATAACAAAATTTATGCTATAATGCGGATT,15.113127708435059
748,TTTACCTTTTTTCTGGTTGACATAACAAAATTTTTGCTGTAATGTGGATT,14.175788879394531
749,TTTACCTTTTTTCTGGTTGAAATAACAAAATTTGTGCTATAATGTGGATT,14.71583366394043
750,TTTACCTTTTTTCTGGTTGACATAACAAAATTTATGCTATAGTGTGGATT,15.273896217346191
751,TTTACCTTTTTTCTGGTTGACATAACAAAATTTGTGCTATAATGTTGCTT,15.158000946044922
752,TTTACCTTTTTTCTGGTTGACATAACAAAATTTGTGCTATAATGTGGATT,15.85378360748291
753,TTTACTTTTTTTCTGGTTGACATAACAAAATTTTTGCTATAATGTGGATT,14.841197967529297
754,TTTACCTTTTTTCTGGTTGACATAACAAAATTTTTGCTGTAATGTTGCTT,13.560678482055664
755,TTTACCTTTTTTCTGGTTGACATAACAAAATTTTTGCTATAGTGTTGATT,14.70353889465332
756,TTTACCTTTTCTCTGGTTGACATAACAAAATTTTTGCTATAATGTGGATT,15.930132865905762
757,TTTACCTTTTTTCTGGTTGACATAACAAAATTTGTGCTATAATGTAGATT,15.954432487487793
758,TTTACCTTTTTTCTGGTTGACATAACAAAATTTTTGCTATAGTGTGGATT,15.503277778625488
759,TTTACCTTTTTTCTGGTTGACATAACAAAATTTTTGCTATAATGTAGATT,15.893598556518555
760,TTTACCTTTTTTCTGGTTGACATAACAAAATTTTTGCTGTAGTGTTGATT,13.314966201782227
761,TTTACCTTTTTTCTGGTTGACATAACAAAATTTTTGCTGTAATGTGGCTT,13.37482738494873
762,TTTACCTTTGTTCTGGTTGACATAACAAAATTTGTGCTGTAATGTGGATT,13.540655136108398
763,TTTACCTTTTCTCTGGTTGACATAACAAAATTTGTGCTATAATGTGGCTT,15.35016918182373
764,TTTACCTTTTTTCTGGTTGACATAACAAAATTTGTGCTGTATTGTAGCTT,13.134011268615723
765,TTTACCTTTTCTCTGGTTGACATAACAAAATTTGTGCTATAATGTAGATT,16.161218643188477
766,TTTACCTTTTTTCTGGTTGACATAACAAAATTTTTGCTATAATGCAGATG,15.381632804870605
767,TTTACCTTTTTTCTGGTTGACATAACAAAATTTGTGCTGTAATGTGGATT,14.157332420349121
768,TTTACCTTTTCTCTGGTTGACATAACAAAATTTGTGCTATAATGTGGATT,16.06106948852539
769,TTTACATTTTTTCTGGTTGACATAACAAAATTTGTGCTATAATGTGGATT,15.722211837768555
770,TTTACCTTTTTTCTGGTTGACATAACAAAATTTTTGCTGTATTGTGGCTT,13.202180862426758
771,TTTACCTTTTTTCTGGTTGACATAACAAAATTTTTGCTGTAATGTTGATT,13.68121337890625
772,TTTACCTTTTTTCTGGTTGACATAACAAAATTTTTGCTGTAATGTAGATT,14.171589851379395
773,TTTACCTTTTTTCTGGTTGACATAACAAAATTTGTGCTGTCGTGTTGATT,12.61885929107666
774,TTTACCTTTGTTCTGGTTGACATAACAAAATTTGTGCTATAATGTAGATT,15.31967544555664
775,TTTACCTTTTTTCTGGTTGACATAACAAAATTTTTGCTATAATGTTGATT,15.01297664642334
776,TTTACCTTTTTTCTGGTTGACATAACAAAATTTGTGCTATAGTGTTGCTT,14.42471694946289
777,TTTACCTTTTTTCTGGTTGACATAACAAAATTTTTGCTATAATGTGGCTT,14.972193717956543
778,TGTACCTTTGTTCTGGTTGACATAACAAAATTTGTGCTATAGTGTAGATT,14.1190824508667
779,TTTACATTTTTTCTGGTTGACATAACAAAATTTGTGCTATAATGTAGATT,15.799885749816895
780,TTTACCTTTTTTCTGGTTGACATAACAAAATTTGTGCTATAGTGTTGATT,14.381096839904785
781,TTTACCTTTTCTCTGGTTGACATAACAAAATTTTTGCTATAATGTGGCTT,15.168018341064453
782,TTTACCTTTGTTCTGGTTGACATAACAAAATTTGTGCTATAATGTGGATT,15.237106323242188
783,TTTACCTTTTTTCTGGTTGACATAACAAAATTTGTGCTGTATTGTGGATT,13.659587860107422
784,TTTACCTTTTTTCTGGTTGACATAACAAAATTTGTGCTATAATGCGGATT,15.293848991394043
785,TTTACCTTTTTTCTGGTTGACATAACAAAATTTGTGCTATAATGTGGCTT,15.142882347106934
786,TTTACCTTTTTTCTGGTTGAAATAACAAAATTTTTGCTATAATGTTGATC,13.895483016967773
787,TTTACCTTTTTTCTGGTTGACATAACAAAATTTGTGCTATCATGTGGATT,14.257647514343262
788,TTTACCTTTTTTCTGGTTGACATAACAAAATTTGTGCTGTAATGTAGATT,14.192987442016602
789,TTTACCTTTTTTCTGGTTGACATAACAAAATTTGTGCTGTAATGTGGCTT,13.479692459106445
790,TTTACCTTTTTTCTGGTTGACATAACAAAATTTGTGCTGTAGTGTTGATT,13.077649116516113
791,TTTACCTTTGCTCTGGTTGACATAACAAAATTTTTGCTATAATGTGGATT,15.21419906616211
792,TTTACCTTTTTTCTGGTTGACATAACAAAATTTGTGCTATAGTGTGGATT,15.199677467346191
793,TTTACCTGTTTTCTGGTTGACATAACAAAATTTTTGCTGTAATGTTGATT,13.062172889709473
794,TTTACCTTTTTTCTGTTTGACATAACAAAATTTGTGCTATAATGTGGATT,14.844724655151367
795,TTTACATTTTTTCTGGTTGACATAACAAAATTTGTGCTATAGTGTAGATT,14.790946006774902
796,TTTACCTTTTTTCTGGTTGACATAACAAAATTTGTGCTGTAATGTTGATT,13.836601257324219
797,TTTACCTTTTTTCTGGTTGACATAACAAAATTTTTGCTATAGTGTTGCTT,14.608922004699707
798,TTTACCTTTTTTCTGGTTGACATAACAAAATTTGTGCTGTAATGTAGCTT,13.563230514526367
799,TTTACCTTTTTTCTGGTTGACATAACAAAATTTGTGCTATATTGTGGATG,14.304004669189453
800,TTTACCTTTTTTCTGGTTGACATAACAAAATTTTTGCTGTAATGTGGATC,13.798748970031738
801,TTTACCTTTTTTCTTGTTGACATAACAAAATTTTTGCTATAATGTGGATT,15.380206108093262
802,TTTACCTTTTTTCTGGTTGACATAACAAAATTTGTGATGTAATGTGGATG,13.690988540649414
803,TTTACCTTTTCTCTGGTTGACATAACAAAATTTGTGCTATAATGTCGATT,15.139999389648438
804,TTTACATTTTTTCTGGTTGACATAACAAAATTTGTGCTATAATGTTGATT,15.036664009094238
805,TTTACCTTTTTTCTGGTTGACATAACAAAATTTGTGCTGTAATTTGGATC,12.959208488464355
806,TTTACCTTTTTTCTGGTTGACATAACAAAATTTGTGCTATAATGTAGCTT,15.06104564666748
807,TTTACCTTTTCTCTGGTTGAAATAACAAAATTTGTGCTATAATGTTGATT,14.480558395385742
808,TTTACCTTTGTTCTGGTTGACATAACAAAATTTTTGCTATAATGTAGATT,15.276904106140137
809,TTTACCTTTTTTCTGGTTGACATAACACAATTTTTGCTATAATGTTGATT,14.267661094665527
810,TTTACCTTTTTTCTGGTTGACATAACAAAATTTGTGCTATAGTGTAGATT,14.94499397277832
811,TTTACCTTTTTTCTGGTTGACATAACAAAATTTGTGCTGTAATGTTGCTT,13.801261901855469
812,TGTACCTTTTTTCTGGTTGACATAACAAAATTTGTGCTATATTGTTGATT,14.36483383178711
813,TTTACCTTGTTTCTGGTTGACATAACAAAATTTGTGATATAATGTGGCTT,13.076278686523438
814,TTTACCTTTTTTCTGGTTGACATAACAAAATTTGTGCTATAATGTAGATG,15.602397918701172
815,TTTACCTTTTTTCTGGTTGACATAACAAAATTTGTGCTATAGTGTGGCTT,14.960001945495605
816,TTTACCTTTTCTCTGGTTGACATAACAAAATTTGTGCTATAGTGTTGATT,14.542800903320312
817,TTTACCTTTTCTCTGGTTGACATAACAAAATTTTTGCTGTAATGTTGATT,13.87703800201416
818,TTTACCTTTTCTCTGGTTGACATAACAAAATTTGTGCTATAATGTAGCTT,15.268331527709961
819,TTTACCTTTTTTCTGGTTGACATAACAAAATTTATGCTGTAATGTGGATT,14.260780334472656
820,TTTACCTTTTTTCTGGTTGACATAACAAAATTTTTGCTGTATTTTGGATT,13.284658432006836
821,TTTACATTTTTTCTGGTTGACATAACAAAATTTTTGCTATAATGTAGCTT,14.711847305297852
822,TTTACATTTTTTCTGGTTGACATAACAAAATTTGTGCTATATTGTGGATT,14.227999687194824
823,TTTACCTTTGCTCTGGTTGACATAACAAAATTTGTGCTGTAATGTTGCTT,13.275299072265625
824,TTTACCTTTTTTCTGGTTGACATAACAAAATTTGTGCTATAATGTAAATC,14.904502868652344
825,TTTACCTTTTTGCTGGTTGACATAACAAAATTTGTGCTATAATGTGGATT,14.950812339782715
826,TTTACCTTTTTTCTGGTTGACATAACAAAATTTATGCTATAATGTGGATT,15.605710983276367
827,TTTATCTTTTTTCTGGTCGACATAACAAAATTTGTGCTATAATGTTGATT,13.4761323928833
828,TTTACCTTATTTCTGGTTGACATAACAAAATTTGTGCTATAATGTGGATT,14.243114471435547
829,TTTACCTTTTTTCTGGTTGACATAACAAAAGTTGTGCTATAATGTGGATT,15.446451187133789
830,TTTACCTTTTTTCTGGTTGACATAACAAAAGTTGTGCTATAATGTGGATG,15.153491020202637
831,TTTACCTTTTCTCTGGTTGACATAACAAAATTTTTGCTATAATGTGGATC,15.449322700500488
832,TTTACCTTTTCTCTGGTTGACATAACAAAATTTGTGCTATAATGTGGATC,15.46811580657959
833,TTTACCTTTTTTCTGGTTGACATAACAAAATTTCTGCTATAATGTGGATT,15.615166664123535
834,TTTACCTTTTTTCTGGTTGACATAACAAAATTTGTGCTATAATGTGGATC,15.260828971862793
835,TTTACCTTTTTTCTGTTTGACATAACAAAATTTGTGCTATAATGTAGATT,14.944872856140137
836,TGTACCTTGTTTCTGTTTGACATAACAAAATTTGTGCTATAATGTGGATT,13.661093711853027
837,TGTACCTTTTTTCTGGTTGACATAACAAAATTTGTGCTATAATGTGGATT,15.60643196105957
838,TTTATCTTTTTTCTGGTTGACATAACAAAATTTGTGCTATAATGTAGATT,15.909817695617676
839,TTTACCTTTTTTCTGATTCACATAACAAAATTTGTGCTATAATGTGGATT,13.25169563293457
840,TTTATCTTTTTTCTGGTTGACATAACAAAATTTGTGCTATAATGTGGATT,15.809669494628906
841,TTTACCTTTTCTCTGGTTGACATAACAAAATTTTTGCTATAATGTAGATT,16.08942222595215
842,TTTACCTTTTTTCTGGTTGACATAACAAAATTTGTGCTATAATGTGTATT,16.079071044921875
843,TTTACCTTTTCTCTGGTTGACATCACAAAATTTGTGCTATAATGTAGATT,15.483293533325195
844,TTTACCTCTTCTCTGGTTGACATAACAAAATTTGTGCTATAATGTGGATT,15.214037895202637
845,TTTACCTTTTTTCTGGTTGACATACCAAAATTTGTGCTATAATGTGGATT,14.91718578338623
846,TTTACCTTTTCGCTGATTGACATAACAAAATTTGTGCTATAATGTGGATT,13.976523399353027
847,TTTATCTTTTTTCTGGTTGACATAACAAAATTTTTGCTATAATGTTGATT,14.96886157989502
848,TTTACCTTTTTTCTGGTTGACATAACACAATTTGTGCTATAATGTGGATT,15.152095794677734
849,TTTACCTCCTCCCTGGTTGACATAACAAAATTTGTGCTATAATGTGGATT,14.516650199890137
850,TTTACCTTTTTTCTGGTTGACATAACAAAATTTGTGATATAATGTGGATT,15.240763664245605
851,TTTACCTCATCTCTGGTTGACATAACAAAATTTGTGCTATAATGTGGATT,14.653461456298828
852,TTTACCTTTTTTCTGGTTGACATCACAAAATTTGTGCTATAATGTGGATT,15.220959663391113
853,TTTACCTTTTCCCTGGTTGACATAACAAAATTTGTGCTATAATGTGGATT,14.975676536560059
854,TTTACCTATTTTCTGGTTGACATAACAAAATTTGTGCTATAATGTGGATT,14.509084701538086
855,TTTACCTTTTTTCTGGTTGACATAACAAAATTTTTGCTATAATGTGGATG,15.507224082946777
856,TTTACCTTTTTTCTGGTTGACATAACAAAATTTGTGCTATAATGTGGATG,15.567463874816895
857,TTTACCTTTTTTCTGGTTGACATCACAAAATTTGTGCTATAATGTAGATT,15.321107864379883
858,TTTACCTTTTCTCTGGTTGACATAACAAAATTTGTGCTATAATGTTGATT,15.398089408874512
859,TTTACCTTTTCTCTGGTTGACATAACAAAATTTGTGCTGTAATGTGGATT,14.364618301391602
860,TTTATCTTTTCTCTGGTTGACATAACAAAATTTGTGCTATAATGTGGATT,15.671764373779297
861,TTTACCTTTTTTCTGGTTGACATAACAAAATTTGTGCTATAATGCAGATT,15.363340377807617
862,TTTATCTTTTTTCTGGTTGACATAACAAAATTTGTGCTATAGTGTGGATT,15.224138259887695
863,TTTATCTTTTTTCTGGTTGACATAACAAAGTTTGTGCTATAATGTGGATT,15.424817085266113
864,TTTATCTTTTTTCTGGTTGACATAACAAAATTTTTGCTATAATGTGGATT,15.69017219543457
865,TTTACCTTTTTTCTTGTTGACATAACAAAATTTGTGCTATAATGTGGATT,15.533976554870605
866,TTTATCTTTTCTCTGGTTGACATCACAAAATTTGTGCTATAATGTAGATT,15.103675842285156
867,TTTATCTTTTTTCTGGTTGACATAACAAAATTTGTGCTATAGTGTAGATT,14.90087890625
868,TTTACCTTTTTTCTGGTTGACATAACAAATTTTGTGCTATAATGTGGATT,16.05535888671875
869,TTTACCTTTTTTCTGGTTGACATAACAAAATTTGTGCTACAATGTAGATT,14.994560241699219
870,TTTATCTTTTTTCTTGTTGACATAACAAAATTTATGCTATAATGTTGATT,14.399989128112793
871,TTTACCTTTTTTCTGGTTGACGTAACAAAATTTGTGCTATAATGTGGATT,14.526463508605957
872,TTTATCTTTTTTCTGGTTGACATCACAAAATTTGTGCTATAATGTAGATT,15.304116249084473
873,TGTATCTTTTTTCTGGTTGACATCACAAAATTTGTGCTATAATGTAGATT,15.179520606994629
874,TTTATCTTTTTTCTGGTTGACATAACAAAATTTTTGCTATAATGTAGATT,15.849483489990234
875,TTTATCTTTTCTCTGGTTGACATAACAAAATTTGTGCTATAATGTAGATT,15.771913528442383
876,TTTATCTTTTTTCTGGTTGACATAACAAAATTTGTGCTATAATGCAGATT,15.337165832519531
877,TTTACCTTTTTTCTGGTTGACATCACAAAATTCATGCTATAATGTGGATT,14.317329406738281
878,TTTACCTTTTTTCTGGTTGACATAACAAAATTTATGCTATAATGTAGATT,15.856184005737305
879,TTTATCTTTTTTCTGGTTGACATCACAAAATTTGTGCTATAATGTGGATT,15.203073501586914
880,TTTACCTTTTTTCTGGTTGACATAACAGAATTTGTGCTATAATGTAGATT,15.100347518920898
881,TGTACCTATTTTCTGGTTGACATAACAAAATTTGTGCTATAATGTGGATT,14.102476119995117
882,TGTACCTTTTTTCTGGTTGACATAACAAAATTTTTGCTATAATGTAGATT,15.646246910095215
883,TTTATCTTTTTTCTGGTTGACATAACAAAATTTGTGCTATAATGTAAATT,15.270783424377441
884,TTTACCTTTTTTCTGGTTGACATAACAAAATTTTTGCTATAATGTGTATT,15.968365669250488
885,TTTACCTCTTTTCTGGTTGACATAACAAAATTTGTGCTATAATGTAGATT,15.447473526000977
886,TTTACCTTTTTTCTGGTTGACATACCAAAATTTGTGCTATAATGCAGATT,14.450263023376465
887,TGTACCTTTTTTCTGGTTGACATAACAAAATTTGTGCTATAATGTAGATT,15.706582069396973
888,TTTACCTTTTTTCTGGTTGACATAACAAAGTTTTTGCTATAATGTGGATT,15.614004135131836
889,TTTATCTTTTTTCTGGTTGACATAACAAAAGTTGTGCTATAATGTAGATT,15.496001243591309
890,TTTACCTCTTTTCTGGTTGACATAACAAAATTTGTGCTATAATGTGGATT,15.34732437133789
891,TTTACCTTTTTTCTGGTTGACATAACAAATTTTGTGCTATAATGTAGATT,16.148521423339844
892,TTTACCTTTTCTCTGGTTGACATAACAAAATTTGTGCTATAATGTAAATT,15.532817840576172
893,TTTATCTTTTCTCTGGTTGACATAACAAAATTTTTGCTATAATGTGGATT,15.540602684020996
